CODIGO;PRODUCTO;DISPONIBLE PARA;CATEGORIAS;UNIDAD MEDIDA;PORCENTAJE IVA;COD BARRA;COSTO;COSTO TOTAL;PROVEEDOR;STOCKEABLE;ACEPTA STOCK NEGATIVO;TIPO DE PRODUCTO;DESCRIPCION;ULTIMA ACT. COSTO;MONEDA
1242;CABLE USB A MICROUSB OEM - NEGRO;TODOS;CABLES Y ADAPTADORES > MICRO USB - V8;UNIDAD;iva21;1242;1500,00;1500,00;;S;S;SIMPLE;;24/4/2025;PESOS
24909;ADAPTADOR MULTI ENCHUFE MUNDIAL;TODOS;CABLES Y ADAPTADORES > TENSION;UNIDAD;iva21;24909;3435,95;3435,95;TECNOPRICES;S;S;SIMPLE;;11/8/2025;PESOS
20257;DISCO SOLIDO SSD 256GB M2 MICRON 2450 22X80MM PCIE 3.0 NVME;TODOS;ALMACENAMIENTO > DISCOS SOLIDOS;UNIDAD;iva105;20257;22383,45;22383,45;TECNOPRICES;S;S;SIMPLE;;11/8/2025;PESOS
2050;LAPIZ IMPRESORA 3D RECARGABLE P11-HT;TODOS;JUGUETERIA > JUGUETES;UNIDAD;iva21;2050;12830,00;12830,00;IMPOTEKNO;S;S;SIMPLE;;11/8/2025;PESOS
97855088819;COMBO TECLADO + MOUSE LOGITECH INALAMBRICO MK220;TODOS;TECLADOS > COMBOS;UNIDAD;iva105;97855088819;17247,93;17247,93;GRUPO NUCLEO, ANGEL;S;S;SIMPLE;;27/2/2025;PESOS
723540564565;HOLDER DOBLE SOPAPA;TODOS;ACCESORIOS > DE CELULARES;UNIDAD;iva21;723540564565;694,21;694,21;IMPOTEKNO;S;S;SIMPLE;;11/8/2025;PESOS
6900780012320;LINTERNA MINI CAMUFLADO RECARGABLE BN1232;TODOS;ILUMINACION > LINTERNA LED;UNIDAD;iva21;6900780012320;2122,00;2122,31;IMPOTEKNO;S;S;SIMPLE;;10/11/2025;PESOS
140L14;MINI PIZARRA LLAVERO CAPYBARA;TODOS;JUGUETERIA > JUGUETES;UNIDAD;iva21;140L14;841,00;841,32;IMPOTEKNO;S;S;SIMPLE;;10/11/2025;PESOS
7897791465858;REPETIDOR WIFI H300M BN0197;TODOS;CONECTIVIDAD > EXTENSOR DE RANGO;UNIDAD;iva105;7897791465858;7733,00;7733,03;IMPOTEKNO;S;S;SIMPLE;;10/11/2025;PESOS
3136;PARLANTE BARRA DE SONIDO LUCES RGB BT (KTS-1965);TODOS;AUDIO > PARLANTES;UNIDAD;iva21;3136;14318,00;14318,18;IMPOTEKNO;S;S;SIMPLE;;10/11/2025;PESOS
6982025040312;AURICULAR BLUETOOTH CAPYBARA + ESTUCHE JK609;TODOS;AUDIO > AURICULARES;UNIDAD;iva105;6982025040312;6697,00;6696,83;IMPOTEKNO;S;S;SIMPLE;;10/11/2025;PESOS
6152025042016;AURICULAR VINCHA RECARGABLES BT + CARTERA CAPIBARA CARPINCHO;TODOS;AUDIO > AURICULARES;UNIDAD;iva105;6152025042016;7355,00;7355,37;IMPOTEKNO;S;S;SIMPLE;;10/11/2025;PESOS
1702;HUMIFICADOR DIFUSOR RECARGABLE LED RGB PORTATIL ESENCIAS HMF-91074;TODOS;ACCESORIOS > DE AUTO;UNIDAD;iva21;1702;5455,00;5454,55;IMPOTEKNO;S;S;SIMPLE;;10/11/2025;PESOS
1703;HUMIDIFICADOR DIFUSOR PROYECTOR LED USB HMF-91062;TODOS;ACCESORIOS > DE AUTO;UNIDAD;iva21;1703;6529,00;6528,93;IMPOTEKNO;S;S;SIMPLE;;10/11/2025;PESOS
731299174348;RADIO SUONO 2 BANDAS AM/FM AYV0118;TODOS;RADIOS > PORTATILES;UNIDAD;iva21;731299174348;6030,00;6029,75;IMPOTEKNO;S;S;SIMPLE;;10/11/2025;PESOS
71068;SOPORTE PARA CELULAR PARA AUTO EN ESPEJO RETROVISOR NEGRO HD-71068;TODOS;ACCESORIOS > DE AUTO;UNIDAD;iva21;71068;1472,00;1471,90;IMPOTEKNO;S;S;SIMPLE;;10/11/2025;PESOS
2051;MONOPATIN DISEÑOS C/LUZ REFORZADO SV-4;TODOS;JUGUETERIA > JUGUETES;UNIDAD;iva21;2051;23313,22;23313,22;IMPOTEKNO;S;S;SIMPLE;;11/8/2025;PESOS
723540564404;BALANZA DE BAÑO PERSONAJES;TODOS;JUGUETERIA > JUGUETES;UNIDAD;iva21;723540564404;7540,00;7540,00;;S;S;SIMPLE;;11/8/2025;PESOS
83042;PROYECTOR ASTRONAUTA SENTADO CON GUITARRA;TODOS;JUGUETERIA > JUGUETES;UNIDAD;iva21;83042, 714604235903;9917,36;9917,36;DISTRIBUIDORA ORION, JOSE;S;S;SIMPLE;;15/8/2025;PESOS
CF248ACOMP;TONER GLOBAL HP CF248A CON CHIP;TODOS;INSUMOS DE IMPRESION > TONERS ALTERNATIVOS;UNIDAD;iva21;CF248ACOMP;8348,00;8348,00;JCK, JUAN;S;S;SIMPLE;;11/7/2025;PESOS
6935482113761;TONER ALTERNATIVO GNEISS HP W 105A SIN CHIP;TODOS;INSUMOS DE IMPRESION > TONERS ALTERNATIVOS;UNIDAD;iva21;6935482113761;6257,85;6257,85;TODOINSUMOS;S;S;SIMPLE;;30/5/2025;PESOS
198155192883;"NOTEBOOK LENOVO IP SLIM 3 15AMN8 15.6"" AMD R5-8GB+512GB W11H + MALETIN DE REGALO - SN: PF56ZXS2 - GTIA 12M";TODOS;COMPUTADORAS > NOTEBOOKS;UNIDAD;iva105;198155192883;626500,00;626500,00;;S;S;SIMPLE;;22/4/2025;PESOS
91163259251;TECLADO NUMERICO GENIUS NUMPAD 110 USB;TODOS;TECLADOS > USB ALAMBRICO;UNIDAD;iva105;091163259251, 4710268259251;8784,60;8784,60;TECNOPRICES;S;S;SIMPLE;;6/6/2025;PESOS
15046;FUENTE LNZ 550W XS550-PS +12V 32A 1X24PINES 1X4PINES 3XSATA 2XMOLEX;TODOS;ACCESORIOS > DE PC;UNIDAD;iva21;15046;15120,00;15120,00;TECNOPRICES;S;S;SIMPLE;;6/6/2025;PESOS
6920620009044;CARTUCHO GTC P/ EPSON T731 NEGRO 13ML;TODOS;INSUMOS DE IMPRESION > CARTUCHOS ALTERNATIVOS EPSON;UNIDAD;iva105;6920620009044;1620,00;1620,00;TECNOPRICES;S;S;SIMPLE;;6/6/2025;PESOS
6920620009068;CARTUCHO GTC P/ EPSON T732 CYAN 13ML;TODOS;INSUMOS DE IMPRESION > CARTUCHOS ALTERNATIVOS EPSON;UNIDAD;iva105;6920620009068;2688,00;2688,00;JCK, JUAN;S;S;SIMPLE;;27/6/2025;PESOS
4049;CARRY DISK 2.5 SATA USB 2.0 CABLE NEGRO;TODOS;ACCESORIOS > DE PC;UNIDAD;iva105;4049, 6936103601023;5921,49;5921,49;TECNOPRICES;S;S;SIMPLE;;20/3/2025;PESOS
7796728000998;CARTUCHO GTC HP 664XL NEGRO;TODOS;INSUMOS DE IMPRESION > CARTUCHOS ALTERNATIVOS HP;UNIDAD;iva105;7796728000998;14365,29;14365,29;TECNOPRICES;S;S;SIMPLE;;20/3/2025;PESOS
7796728001001;CARTUCHO GTC HP 664XL COLOR;TODOS;INSUMOS DE IMPRESION > CARTUCHOS ALTERNATIVOS HP;UNIDAD;iva105;7796728001001;15619,83;15619,83;TECNOPRICES;S;S;SIMPLE;;20/3/2025;PESOS
7908842833806;KIT TECLADO + MOUSE MULTILASER TC309 USB MOUSE 1200DPI CABLE 1.2MTS TECLADO 105 TECLAS CABLE 1.2MTS ESPANOL NEGRO;TODOS;TECLADOS > COMBOS;UNIDAD;iva105;7908842833806;4669,42;4669,42;TECNOPRICES;S;S;SIMPLE;;20/3/2025;PESOS
7908414459038;TECLADO MULTILASER GK-120 TC504 CON CABLE USB 1.5MTS CON SOPORTE PARA TELEFONO - ESPANOL - GAMER;TODOS;TECLADOS > GAMER;UNIDAD;iva105;7908414459038;4735,54;4735,54;TECNOPRICES;S;S;SIMPLE;;20/3/2025;PESOS
7908414459052;TECLADO MULTILASER GK-500 CON CABLE USB 1.5MTS RAINBOW MECANICO SWITCH AZUL 26 TECLAS ANTI GHOSTING - ESPANOL - GAMER;TODOS;TECLADOS > GAMER;UNIDAD;iva105;7908414459052;15854,00;15853,72;TECNOPRICES;S;S;SIMPLE;;20/3/2025;PESOS
1823;ADAPTADOR BLUETOOTH 5.0 USB EN BOLSA;TODOS;ACCESORIOS > DE PC;UNIDAD;iva105;1823;3322,31;3322,31;TECNOPRICES;S;S;SIMPLE;;20/3/2025;PESOS
649528821553;DISCO SOLIDO SSD 1TB 2.5 SATA III CRUCIAL BX500;TODOS;ALMACENAMIENTO > DISCOS SOLIDOS;UNIDAD;iva105;649528821553;54916,53;54916,53;TECNOPRICES;S;S;SIMPLE;;20/3/2025;PESOS
700306605205;CARRY DISK 2.5 SATA USB 2.0 NETMAK NM-CASE-2 CAJA PLASTICA - INCLUYE CABLE MINIUSB;TODOS;ACCESORIOS > DE PC;UNIDAD;iva105;700306605205;4132,23;4132,23;TECNOPRICES;S;S;SIMPLE;;20/3/2025;PESOS
11080904616010;CABEZAL 220V MODX-616 EXTREME  6,2A  1USB + 2TC  XAEA  BLANCO;TODOS;CARGADORES > DE PARED;UNIDAD;iva21;11080904616010;9669,42;9669,42;ONLY DISTRIBUIDORA;S;S;SIMPLE;;10/9/2025;PESOS
1113080410406;CABLE USB LIGHTNING MODX-104 - ZEUS - XAEA - VERDE;TODOS;CABLES Y ADAPTADORES > LITGHTNING;UNIDAD;iva21;1113080410406;1694,21;1694,21;ONLY DISTRIBUIDORA;S;S;SIMPLE;;11/9/2025;PESOS
9018;TINTA GNEISS PARA BROTHER BRT50C 50ML CYAN;TODOS;INSUMOS DE IMPRESION > TINTAS ALTERNATIVAS BROTHER;UNIDAD;iva21;9018;1620,00;1619,83;TODOINSUMOS;S;S;SIMPLE;;9/10/2025;PESOS
9019;TINTA GNEISS PARA BROTHER BRT50M 50ML MAGENTA;TODOS;INSUMOS DE IMPRESION > TINTAS ALTERNATIVAS BROTHER;UNIDAD;iva21;9019;1620,00;1619,83;TODOINSUMOS;S;S;SIMPLE;;9/10/2025;PESOS
9020;TINTA GNEISS PARA BROTHER BRT50Y 50ML YELLOW;TODOS;INSUMOS DE IMPRESION > TINTAS ALTERNATIVAS BROTHER;UNIDAD;iva21;9020;1620,00;1619,83;TODOINSUMOS;S;S;SIMPLE;;9/10/2025;PESOS
GN664BXLNC;CARTUCHO GNEISS HP 664XL ALTERNATIVO BLACK;TODOS;INSUMOS DE IMPRESION > CARTUCHOS ALTERNATIVOS HP;UNIDAD;iva105;GN664BXLNC;20559,28;20559,28;TODOINSUMOS;S;S;SIMPLE;;9/10/2025;PESOS
GN667BXL;CARTUCHO GNEISS HP 667XL ALTERNATIVO BLACK;TODOS;INSUMOS DE IMPRESION > CARTUCHOS ALTERNATIVOS HP;UNIDAD;iva105;GN667BXL;18775,21;18775,21;TODOINSUMOS;S;S;SIMPLE;;9/10/2025;PESOS
2135;TPU MAGFASE COLOR CELULAR;TODOS;ACCESORIOS > DE CELULARES;UNIDAD;iva21;2135;0,00;0,00;;S;S;SIMPLE;;;PESOS
2136;TPU MAGFASE COLOR IPHONE;TODOS;ACCESORIOS > DE CELULARES;UNIDAD;iva21;2136;4800,00;4800,00;DYD;S;S;SIMPLE;;10/4/2025;PESOS
2137;TPU MAGFASE TORNASOLADA CELULAR;TODOS;ACCESORIOS > DE CELULARES;UNIDAD;iva21;2137;0,00;0,00;;S;S;SIMPLE;;;PESOS
2138;TPU MAGFASE TORNASOLADA IPHONE;TODOS;ACCESORIOS > DE CELULARES;UNIDAD;iva21;2138;3500,00;3500,00;DYD;S;S;SIMPLE;;9/4/2025;PESOS
2222;LAMINA DE HIDROGEL PARA CELULAR;TODOS;ACCESORIOS > DE CELULARES;UNIDAD;iva21;2222;1200,00;1200,00;;S;S;SIMPLE;;30/4/2025;PESOS
2140;TPU TRANSPARENTE CRISTAL XAEA CELULAR;TODOS;ACCESORIOS > DE CELULARES;UNIDAD;iva21;2140;2575,00;2575,00;ONLY DISTRIBUIDORA;S;S;SIMPLE;;10/4/2025;PESOS
2223;LAMINA DE HIDROGEL PARA TABLET;TODOS;ACCESORIOS > DE CELULARES;UNIDAD;iva21;2223;1700,00;1700,00;;S;S;SIMPLE;;30/4/2025;PESOS
2224;LAMINA DE HIDROGEL PARA SMARTWATCH;TODOS;ACCESORIOS > DE CELULARES;UNIDAD;iva21;2224;1200,00;1200,00;;S;S;SIMPLE;;30/4/2025;PESOS
1113090410341;CABLE USB TIPO C MODX-103 - ZEUS - XAEA - MARRON;TODOS;CABLES Y ADAPTADORES > TIPO C;UNIDAD;iva21;1113090410341;1735,54;1735,54;ONLY DISTRIBUIDORA;S;S;SIMPLE;;10/9/2025;PESOS
1145029477302;SMARTWATCH WATCH 4 PRO - NEGRO;TODOS;RELOJES SMART > SMARTWATCH;UNIDAD;iva21;1145029477302;13214,88;13214,88;ONLY DISTRIBUIDORA;S;S;SIMPLE;;10/9/2025;PESOS
1124110197796;MOUSE PAD ONLY - MODO-977 - DISEÑOS VARIOS;TODOS;ACCESORIOS > DE PC;UNIDAD;iva21;1124110197796, 1124110197798, 1124110197797, 1124110197795, 1124110197799;1711,00;1710,74;ONLY DISTRIBUIDORA;S;S;SIMPLE;;10/9/2025;PESOS
1113090410104;CABLE USB TIPO C MODX-101 - HERA - XAEA - AZUL;TODOS;CABLES Y ADAPTADORES > TIPO C;UNIDAD;iva21;1113090410104;1917,36;1917,36;ONLY DISTRIBUIDORA;S;S;SIMPLE;;10/9/2025;PESOS
1126010410702;PARLANTE 3 MODX-107 - XAEA - NEGRO;TODOS;AUDIO > PARLANTES;UNIDAD;iva21;1126010410702;7133,06;7133,06;ONLY DISTRIBUIDORA;S;S;SIMPLE;;10/9/2025;PESOS
1126010410704;PARLANTE 3 MODX-107 - XAEA - AZUL;TODOS;AUDIO > PARLANTES;UNIDAD;iva21;1126010410704;7133,06;7133,06;ONLY DISTRIBUIDORA;S;S;SIMPLE;;10/9/2025;PESOS
1126010410708;PARLANTE 3 MODX-107 - XAEA - VIOLETA;TODOS;AUDIO > PARLANTES;UNIDAD;iva21;1126010410708;7133,06;7133,06;ONLY DISTRIBUIDORA;S;S;SIMPLE;;10/9/2025;PESOS
1104010170602;AURICULAR BT MODO-706 CROWS - ONLY - NEGRO;TODOS;AUDIO > AURICULARES;UNIDAD;iva21;1104010170602;5719,01;5719,01;ONLY DISTRIBUIDORA;S;S;SIMPLE;;10/9/2025;PESOS
1113070112801;CABLE USB TIPO C MODO-128 LAIT - ONLY - BLANCO;TODOS;CABLES Y ADAPTADORES > TIPO C;UNIDAD;iva21;1113070112801;859,50;859,50;ONLY DISTRIBUIDORA;S;S;SIMPLE;;10/9/2025;PESOS
1113090114101;CABLE TIPO C A TIPO C MODO141 SYNC-C  ONLY  BLANCO;TODOS;CABLES Y ADAPTADORES > TIPO C;UNIDAD;iva21;1113090114101;1008,26;1008,26;ONLY DISTRIBUIDORA;S;S;SIMPLE;;27/10/2025;PESOS
1113090410310;CABLE USB TIPO C MODX-103 - ZEUS - XAEA - PLATEADO;TODOS;CABLES Y ADAPTADORES > TIPO C;UNIDAD;iva21;1113090410310;1578,51;1578,51;ONLY DISTRIBUIDORA;S;S;SIMPLE;;27/10/2025;PESOS
1304007;CABLE HDMI FULL HD GOMA 3M;TODOS;CABLES Y ADAPTADORES > HDMI;UNIDAD;iva21;1304007;2016,53;2016,53;ONLY DISTRIBUIDORA;S;S;SIMPLE;;10/9/2025;PESOS
1109040111102;AURICULARES MANOS LIBRES MODO-111 VIPER TWS - ONLY - NEGRO;TODOS;AUDIO > AURICULARES;UNIDAD;iva21;1109040111102;8000,00;8000,00;ONLY DISTRIBUIDORA;S;S;SIMPLE;;10/9/2025;PESOS
5000252100980;PILAS AUDIFONO 312 RAYOVAC;TODOS;PILAS > AUDIFONOS;UNIDAD;iva21;5000252100980;3550,32;3550,32;PINTOS SCHMIDT, ALDANA MARCELA;S;S;SIMPLE;;28/5/2025;PESOS
4898338012354;PILA LITIO CR123A VINNIC - BLISTER X UNIDAD;TODOS;PILAS > LITIO;UNIDAD;iva21;4898338012354;2267,11;2267,11;PINTOS SCHMIDT, ALDANA MARCELA;S;S;SIMPLE;;28/5/2025;PESOS
4902580131401;PILA MAXELL LR44 BOTON X UNIDAD;TODOS;PILAS > ALCALINAS;UNIDAD;iva21;4902580131401;292,05;292,05;PINTOS SCHMIDT, ALDANA MARCELA;S;S;SIMPLE;;28/5/2025;PESOS
5000252100966;PILAS AUDIFONO RAYOVAC 10 - BLISTER X 8;TODOS;PILAS > AUDIFONOS;UNIDAD;iva21;5000252100966;3550,32;3550,32;PINTOS SCHMIDT, ALDANA MARCELA;S;S;SIMPLE;;28/5/2025;PESOS
96178218;PILAS AUDIFONO RAYOVAC 675 - BLISTER X 8;TODOS;PILAS > AUDIFONOS;UNIDAD;iva21;96178218;3826,98;3826,98;PINTOS SCHMIDT, ALDANA MARCELA;S;S;SIMPLE;;28/5/2025;PESOS
4898338012415;PILA CR2 VINNIC LITHIUM - BLISTER X UNIDAD;TODOS;PILAS > LITIO;UNIDAD;iva21;4898338012415;2036,52;2036,52;PINTOS SCHMIDT, ALDANA MARCELA;S;S;SIMPLE;;28/5/2025;PESOS
4898338008265;PILAS VINNIC LR43 - VENTA X UNIDAD;TODOS;PILAS > ALCALINAS;UNIDAD;iva21;4898338008265;97,21;97,21;PINTOS SCHMIDT, ALDANA MARCELA;S;S;SIMPLE;;28/5/2025;PESOS
1126030101200;PARLANTE 6,5 - MODO-012 CARNIVAL - ONLY;TODOS;AUDIO > PARLANTES;UNIDAD;iva21;1126030101200;12809,92;12809,92;ONLY DISTRIBUIDORA;S;S;SIMPLE;;12/9/2025;PESOS
2139;TPU TRANSPARENTE SMOKE COLOR CELULAR;TODOS;ACCESORIOS > DE CELULARES;UNIDAD;iva21;2139;1860,00;1860,00;ONLY DISTRIBUIDORA;S;S;SIMPLE;;10/4/2025;PESOS
3058;PARLANTE 3 - MODO-022 HEAT - ONLY - GRIS;TODOS;AUDIO > PARLANTES;UNIDAD;iva21;3058;4793,39;4793,39;ONLY DISTRIBUIDORA;S;S;SIMPLE;;11/9/2025;PESOS
4713218461179;DISCO SSD ADATA 480GB BLISTER;TODOS;ALMACENAMIENTO > DISCOS SOLIDOS;UNIDAD;iva105;4713218461179;38645,00;38645,00;GRUPO NUCLEO, ANGEL;S;S;SIMPLE;;7/10/2025;PESOS
6974202726638;PEN DRIVE HIKSEMI 32GB M210S PULLY USB 3.0;TODOS;ALMACENAMIENTO > PENDRIVES;UNIDAD;iva21;6974202726638;5440,00;5440,50;INVID COMPUTERS;S;S;SIMPLE;;7/10/2025;PESOS
6974202725556;DISCO SSD HIKSEMI 240GB WAVE SATA;TODOS;ALMACENAMIENTO > DISCOS SOLIDOS;UNIDAD;iva105;6974202725556;22780,00;22780,00;INVID COMPUTERS;S;S;SIMPLE;;7/10/2025;PESOS
6920620009051;CARTUCHO GTC EPSON T734 AMARILLO;TODOS;INSUMOS DE IMPRESION > CARTUCHOS ALTERNATIVOS EPSON;UNIDAD;iva21;6920620009051;2454,74;2454,74;JCK, JUAN;S;S;SIMPLE;;27/6/2025;PESOS
19337;SMARTWATCH ZEBLAZE BTALK 3 PRO ACELEROMETRO GIROCOPIO FRECUENCIA CARDIACA SATURACION DE OXIGENO EN SANGRE OXIMETRO DE PULSO IP68 260MAH BLUETOOTH 5.2 PANTALLA 1.3 PULGADAS;TODOS;RELOJES SMART > SMARTWATCH;UNIDAD;iva105;19337;32769,19;32769,19;TECNOPRICES;S;S;SIMPLE;;18/6/2025;PESOS
8436032296081;MOUSE SOLARMAX WM302B 2 EN 1 INALAMBRICO Y BLUETOOTH 1600DPI BATERIA INTERNA RECARGABLE INCLUYE CABLE TIPO C NEGRO;TODOS;MOUSE > INALAMBRICO;UNIDAD;iva105;8436032296081;3816,11;3816,11;TECNOPRICES;S;S;SIMPLE;;9/5/2025;PESOS
85854226684;FUNDA TABLET CASE LOGIC RIGIDA QTS-207 BLACK;TODOS;ACCESORIOS > DE TABLETS;UNIDAD;iva21;85854226684;14950,00;14950,00;TODOINSUMOS;S;S;SIMPLE;;21/4/2025;PESOS
7792641880259;CABLE NETMAK 2 RCA A PLUG 3.5MM - NM-C25 1,5 MTS;TODOS;CABLES Y ADAPTADORES > AUDIO;UNIDAD;iva21;7792641880259;961,22;961,22;JCK, JUAN;S;S;SIMPLE;;10/4/2025;PESOS
2077;LAMPARA KOSMO CON CARGADOR INALAMBRICO QI Y LAPICERO - LAMP07;TODOS;ILUMINACION > LAMPARA LED;UNIDAD;iva21;2077;19505,00;19505,00;JCK, JUAN;S;S;SIMPLE;;10/4/2025;PESOS
1113080113801;CABLE ONLY USB LIGHTNING MODO-138 LAIT BLANCO;TODOS;CABLES Y ADAPTADORES > LITGHTNING;UNIDAD;iva21;1113080113801;818,18;818,18;ONLY DISTRIBUIDORA;S;S;SIMPLE;;27/5/2025;PESOS
11080904C010123;CABEZAL XAEA 220V MODX-C015 INTENSIFY  1USB/1TC;TODOS;CARGADORES > USB C - 220V;UNIDAD;iva21;11080904C010123;2322,31;2322,31;ONLY DISTRIBUIDORA;S;S;SIMPLE;;27/5/2025;PESOS
1247;CABLE USB A TIPO C OEM - BLANCO;TODOS;CABLES Y ADAPTADORES > TIPO C;UNIDAD;iva21;1247;1500,00;1500,00;;S;S;SIMPLE;;24/4/2025;PESOS
956;FUNDA SIGNOTECH 15.4-16 BOLSILLO BLACK;TODOS;ACCESORIOS > DE NOTEBOOKS;UNIDAD;iva21;956;8901,97;8901,97;TODOINSUMOS;S;S;SIMPLE;;11/4/2025;PESOS
619659069193;PENDRIVE SANDISK 32GB CRUZER BLADE NEGRO;TODOS;ALMACENAMIENTO > PENDRIVES;UNIDAD;iva21;619659069193;4978,51;4978,51;IMPOTEKNO;S;S;SIMPLE;;3/4/2025;PESOS
1104010470402;AURICULAR XAEA MODX-704 ZYFER - NEGRO;TODOS;AUDIO > AURICULARES;UNIDAD;iva105;1104010470402;25158,37;25158,37;ONLY DISTRIBUIDORA;S;S;SIMPLE;;27/5/2025;PESOS
112404019;MOUSE ONLY WIRELESS MOD QX-X1  NEGRO;TODOS;MOUSE > INALAMBRICO;UNIDAD;iva105;112404019;2570,14;2570,14;ONLY DISTRIBUIDORA;S;S;SIMPLE;;27/5/2025;PESOS
8806097058779;SAMSUNG A36 5G 8GB+256GB LAVANDA (-20% OFF);TODOS;CELULARES > SMARTPHONES;UNIDAD;iva21;8806097058779;355206,50;355206,50;DIEGO COZZO, DIEGO;S;S;SIMPLE;;12/9/2025;PESOS
840023281716;MOTO G05 4GB + 128GB FOREST GREEN (-20% OFF);TODOS;CELULARES > SMARTPHONES;UNIDAD;iva21;840023281716;109917,50;109917,50;DIEGO COZZO, DIEGO;S;S;SIMPLE;;12/9/2025;PESOS
840023285134;MOTO G35 5G 8GB + 256GB SAGE GREEN (-20% OFF);TODOS;CELULARES > SMARTPHONES;UNIDAD;iva21;840023285134;179338,50;179338,50;DIEGO COZZO, DIEGO;S;S;SIMPLE;;12/9/2025;PESOS
840023276057;MOTO G85 5G 8GB + 256GB URBAN GREY (-20% OFF);TODOS;CELULARES > SMARTPHONES;UNIDAD;iva21;840023276057;241818,00;241818,00;DIEGO COZZO, DIEGO;S;S;SIMPLE;;12/9/2025;PESOS
11260200055;PARLANTE 8 - MOD FS-802 - CANCUN;TODOS;AUDIO > PARLANTES;UNIDAD;iva21;11260200055;28016,53;28016,53;ONLY DISTRIBUIDORA;S;S;SIMPLE;;12/9/2025;PESOS
840023257308;MOTO G24 POWER 8GB + 256GB AZUL;TODOS;CELULARES > SMARTPHONES;UNIDAD;iva21;840023257308;146776,86;146776,86;DIEGO COZZO, DIEGO;S;S;SIMPLE;;4/6/2025;PESOS
5055374709832;AURICULAR IN-EAR MOTOROLA BUDS 2S BLACK;TODOS;AUDIO > AURICULARES;UNIDAD;iva21;5055374709832;5081,62;5081,62;ITECOM - XIUN;S;S;SIMPLE;;8/5/2025;PESOS
110601028;SOPORTE PARA AUTO CON SOPAPA  MOD 40 GYRO;TODOS;ACCESORIOS > DE AUTO;UNIDAD;iva21;110601028;1380,17;1380,17;ONLY DISTRIBUIDORA;S;S;SIMPLE;;27/5/2025;PESOS
1104010470301;AURICULARES XAEA MODX-703 RADIANCE - BLANCO;TODOS;AUDIO > AURICULARES;UNIDAD;iva105;1104010470301;24923,08;24923,08;ONLY DISTRIBUIDORA;S;S;SIMPLE;;27/5/2025;PESOS
19051;DISCO SOLIDO SSD 256GB M2 GOLDEN INTERFACE SATA 3.1 6GB LECTURA HASTA 500MB Y ESCRITURA HASTA 500MB;TODOS;ALMACENAMIENTO > DISCOS SOLIDOS;UNIDAD;iva105;19051;19642,59;19642,59;TECNOPRICES;S;S;SIMPLE;;9/5/2025;PESOS
110733088;CABLE USB MOD118 ECO LISO 2  ONLY  V8  NEGRO;TODOS;CABLES Y ADAPTADORES > MICRO USB - V8;UNIDAD;iva21;110733088;752,07;752,07;ONLY DISTRIBUIDORA;S;S;SIMPLE;;11/4/2025;PESOS
1113090895002;CABLE USB TIPO C MOD950 - NEGRO;TODOS;CABLES Y ADAPTADORES > TIPO C;UNIDAD;iva21;1113090895002;723,00;723,14;ONLY DISTRIBUIDORA;S;S;SIMPLE;;27/10/2025;PESOS
5055374709962;AURICULAR PLEGABLE MOTOROLA XT220 BLUETOOTH & JACK 3.5MM COLOR NEGRO;TODOS;AUDIO > AURICULARES;UNIDAD;iva21;5055374709962;34352,50;34352,50;ITECOM - XIUN;S;S;SIMPLE;;8/5/2025;PESOS
840023288678;MOTO G15 4GB + 128GB VERDE;TODOS;CELULARES > SMARTPHONES;UNIDAD;iva21;840023288678;123966,94;123966,94;DIEGO COZZO, DIEGO;S;S;SIMPLE;;4/6/2025;PESOS
8806095549552;SAMSUNG A35 5G 8GB + 256GB AZUL OSCURO;TODOS;CELULARES > SMARTPHONES;UNIDAD;iva21;8806095549552;293553,72;293553,72;DIEGO COZZO, DIEGO;S;S;SIMPLE;;4/6/2025;PESOS
742832292160;MOUSE RAPTOR STORM GRIP 4 BOTONES 3600DPI 7 COLORES;TODOS;MOUSE > USB ALAMBRICO;UNIDAD;iva105;742832292160;4300,45;4300,45;INVID COMPUTERS;S;S;SIMPLE;;30/5/2025;PESOS
700306605793;NETMAK NM-ATHLET AURICULAR BLUETOOTH OWS OPEN WIRELESS STEREO;TODOS;AUDIO > AURICULARES;UNIDAD;iva21;700306605793;16368,00;16368,00;JCK, JUAN;S;S;SIMPLE;;29/4/2025;PESOS
11080808504020;CARGADOR 12V GEAR MOD-504  1 USB Y 1 TIPO C  XAEA  NEGRO;TODOS;CARGADORES > USB C - 12V;UNIDAD;iva21;11080808504020;1843,00;1842,98;ONLY DISTRIBUIDORA;S;S;SIMPLE;;13/10/2025;PESOS
110809010180121;CABEZAL 220V MODO-018 4.8A  RUSH  1USB  ONLY  BLANCO;TODOS;CARGADORES > DE PARED;UNIDAD;iva21;110809010180121;1421,00;1421,49;ONLY DISTRIBUIDORA;S;S;SIMPLE;;13/10/2025;PESOS
700306606578;MICROFONO NETMAK NM-MC7 PLUG 6.5MM CON ADAPTADOR A 3.5MM UNIDIRECCIONAL CABLE 2.5M;TODOS;AUDIO > MICROFONOS;UNIDAD;iva21;700306606578;5405,00;5404,96;TECNOPRICES;S;S;SIMPLE;;13/10/2025;PESOS
7798137707109;AURICULAR VINCHA NOGANET NGV-400 ROJO CABLE 1.5 MTS CON MICROFONO 2 PLUG 3.5MM ROSA Y VERDE;TODOS;AUDIO > AURICULARES;UNIDAD;iva21;7798137707109;5595,00;5595,04;TECNOPRICES;S;S;SIMPLE;;13/10/2025;PESOS
112404010;MOUSE WIRELESS MOD Q5  ONLY  NEGRO;TODOS;MOUSE > INALAMBRICO;UNIDAD;iva21;112404010;2867,77;2867,77;ONLY DISTRIBUIDORA;S;S;SIMPLE;;27/5/2025;PESOS
840023268816;MOTO G04S 4GB + 128GB NEGRO;TODOS;CELULARES > SMARTPHONES;UNIDAD;iva21;840023268816;98181,81;98181,81;DIEGO COZZO, DIEGO;S;S;SIMPLE;;13/6/2025;PESOS
110805010060201;CARGADOR ONLY 220V MOD600 - 6A - 1USB + CABLE TIPO C NEGRO;TODOS;CARGADORES > USB C - 220V;UNIDAD;iva21;110805010060201;2413,22;2413,22;ONLY DISTRIBUIDORA;S;S;SIMPLE;;10/9/2025;PESOS
6957939000325;PLACA DE RED WIFI USB MERCUSYS MW150US 150MB 2.4GHZ NANO;TODOS;CONECTIVIDAD > PLACA DE RED;UNIDAD;iva21;6957939000325;4500,00;4500,00;TECNOPRICES;S;S;SIMPLE;;12/9/2025;PESOS
10020630350;AURICULAR ONLY P15 BT MOD63-22 GRIS/ROJO;TODOS;AUDIO > AURICULARES;UNIDAD;iva21;10020630350;7388,43;7388,43;ONLY DISTRIBUIDORA;S;S;SIMPLE;;11/4/2025;PESOS
110805010180101;CARGADOR ONLY 220V MOD430 - 4.8A - 1USB + CABLE TIPO C BLANCO;TODOS;CARGADORES > USB C - 220V;UNIDAD;iva21;110805010180101;1619,83;1619,83;ONLY DISTRIBUIDORA;S;S;SIMPLE;;11/4/2025;PESOS
110805010180201;CARGADOR ONLY 220V MOD430 - 4.8A - 1USB + CABLE TIPO C NEGRO;TODOS;CARGADORES > USB C - 220V;UNIDAD;iva21;110805010180201;1619,83;1619,83;ONLY DISTRIBUIDORA;S;S;SIMPLE;;11/4/2025;PESOS
6954774700236;AURICULAR BLUETOOTH MOD700 KIDS  CON OREJAS Y LUCES  ROSA;TODOS;AUDIO > AURICULARES;UNIDAD;iva21;6954774700236;7768,60;7768,60;ONLY DISTRIBUIDORA;S;S;SIMPLE;;11/4/2025;PESOS
7798383572704;CABLE SOUL USB A LIGHTNING 2.4A 1M;TODOS;CABLES Y ADAPTADORES > LITGHTNING;UNIDAD;iva21;7798383572704;2645,00;2645,00;SIN PROVEEDOR;S;S;SIMPLE;;12/9/2025;PESOS
6935364088064;ANTENA MERCUSYS ADAPTADOR WIFI USB PLACA DE RED AC650 DUAL BAND;TODOS;CONECTIVIDAD > ADAPTADOR WIFI USB;UNIDAD;iva105;6935364088064;11270,00;11270,00;TECNOPRICES;S;S;SIMPLE;;25/3/2025;PESOS
20525;CARGADOR TABLET 5V 1A 2.5X0.7MM PIN FINO TITAN EURO COBY ALTERNATIVO PATAS RECTAS;TODOS;CARGADORES > DE PARED;UNIDAD;iva21;20525;5000,00;5000,00;TECNOPRICES;S;S;SIMPLE;;11/11/2025;PESOS
6908648002094;PARLANTE DE DUCHA BLUETOOTH;TODOS;AUDIO > PARLANTES;UNIDAD;iva105;6908648002094;4545,00;4545,45;DISTRIBUIDORA ORION, JOSE;S;S;SIMPLE;;14/10/2025;PESOS
7798137725882;AURICULARES NOGA WIRELESS BT STEREO EARBUDS TACTIL BTWINS 50 BLANCO;TODOS;AUDIO > AURICULARES;UNIDAD;iva105;7798137725882;9008,00;9008,26;DISTRIBUIDORA ORION, JOSE;S;S;SIMPLE;;14/10/2025;PESOS
7798137725875;AURICULARES NOGA WIRELESS BT STEREO EARBUDS TACTIL BTWINS 50 NEGRO;TODOS;AUDIO > AURICULARES;UNIDAD;iva105;7798137725875;9008,00;9008,26;DISTRIBUIDORA ORION, JOSE;S;S;SIMPLE;;14/10/2025;PESOS
6933863822097;AURICULARES BT VINCHA C-2235;TODOS;AUDIO > AURICULARES;UNIDAD;iva105;6933863822097;11488,00;11487,60;DISTRIBUIDORA ORION, JOSE;S;S;SIMPLE;;14/10/2025;PESOS
3001;PARLANTE PORTATIL BLUETOOTH J-IPOK P171 INALAMBRICO;TODOS;AUDIO > PARLANTES;UNIDAD;iva21;3001;10744,00;10743,80;DISTRIBUIDORA ORION, JOSE;S;S;SIMPLE;;14/10/2025;PESOS
6950676214789;PADMOUSE GAMER HAVIT GAMENOTE HV-MP861 DE GOMA XL 30CM X 70;TODOS;ACCESORIOS > DE PC;UNIDAD;iva21;6950676214789;5372,00;5371,90;DISTRIBUIDORA ORION, JOSE;S;S;SIMPLE;;14/10/2025;PESOS
11082408721010;POWER BANK 5000 MAH VOLTRIX  XAEA 25W;TODOS;CARGADORES > POWER BANK;UNIDAD;iva21;11082408721010;7678,00;7677,69;ONLY DISTRIBUIDORA;S;S;SIMPLE;;27/10/2025;PESOS
7798137723512;PLACA DE SONIDO USB NOGANET HE-282 7.1;TODOS;ACCESORIOS > DE NOTEBOOKS;UNIDAD;iva105;7798137723512;3223,80;3223,80;TECNOPRICES;S;S;SIMPLE;;6/6/2025;PESOS
08OT04000R002;PARLANTE GAMER C/MAG SAFE MINI BLAST  XAEA  NEGRO;TODOS;AUDIO > PARLANTES;UNIDAD;iva21;08OT04000R002;5430,00;5429,75;ONLY DISTRIBUIDORA;S;S;SIMPLE;;27/10/2025;PESOS
094G04000J002;CARGADOR INALAMBRICO/HOLDER MAGNETICO MOD-HT555  NEGRO;TODOS;ACCESORIOS > DE AUTO;UNIDAD;iva21;094G04000J002;14281,00;14280,99;ONLY DISTRIBUIDORA;S;S;SIMPLE;;27/10/2025;PESOS
1145029477402;SMART WATCH MODS-774  SU 30  NEGRO;TODOS;RELOJES SMART > SMARTWATCH;UNIDAD;iva105;1145029477402;14036,00;14036,20;ONLY DISTRIBUIDORA;S;S;SIMPLE;;27/10/2025;PESOS
1145029477420;SMART WATCH MODS-774  SU 30  PLATEADO;TODOS;RELOJES SMART > SMARTWATCH;UNIDAD;iva105;1145029477420;14036,00;14036,20;ONLY DISTRIBUIDORA;S;S;SIMPLE;;27/10/2025;PESOS
1145029477405;SMART WATCH MODS-774  SU 30  ROSA;TODOS;RELOJES SMART > SMARTWATCH;UNIDAD;iva105;1145029477405;14036,00;14036,20;ONLY DISTRIBUIDORA;S;S;SIMPLE;;27/10/2025;PESOS
1145029475910;SMART WATCH GT4  MOD-759  PLATEADO;TODOS;RELOJES SMART > SMARTWATCH;UNIDAD;iva105;1145029475910;14950,00;14950,41;ONLY DISTRIBUIDORA;S;S;SIMPLE;;27/10/2025;PESOS
1104010170601;"AURICULAR BLUETOOTH MOD.706 ""CROWS"" - XAEA - VERDE";TODOS;AUDIO > AURICULARES;UNIDAD;iva21;1104010170601;5909,00;5909,09;ONLY DISTRIBUIDORA;S;S;SIMPLE;;27/10/2025;PESOS
7798137382757;JOYSTICK NOGANET NG-3004 PS2 NEGRO;TODOS;CONSOLAS > JOYSTICKS;UNIDAD;iva21;7798137382757;9865,80;9865,80;TECNOPRICES;S;S;SIMPLE;;6/6/2025;PESOS
1126010410002;PARLANTE 2 MODX-100  FISSION  XAEA  NEGRO;TODOS;AUDIO > PARLANTES;UNIDAD;iva21;1126010410002;3669,00;3669,42;ONLY DISTRIBUIDORA;S;S;SIMPLE;;27/10/2025;PESOS
08OT04000P002;PARLANTE DOBLE DUAL STORM  XAEA;TODOS;AUDIO > PARLANTES;UNIDAD;iva21;08OT04000P002;13636,00;13636,36;ONLY DISTRIBUIDORA;S;S;SIMPLE;;27/10/2025;PESOS
3076;PARLANTE 3 PULGADAS GLOBE  XAEA;TODOS;AUDIO > PARLANTES;UNIDAD;iva21;3076;6810,00;6809,92;ONLY DISTRIBUIDORA;S;S;SIMPLE;;27/10/2025;PESOS
11081604511010;CARGADOR INALAMBRICO Y LAMPARA DE ESCRITORIO FLEXA  BLANCO;TODOS;ACCESORIOS > DE CELULARES;UNIDAD;iva21;11081604511010;9851,00;9851,24;ONLY DISTRIBUIDORA;S;S;SIMPLE;;27/10/2025;PESOS
11081604511020;CARGADOR INALAMBRICO Y LAMPARA DE ESCRITORIO FLEXA  NEGRO;TODOS;ACCESORIOS > DE CELULARES;UNIDAD;iva21;11081604511020;9851,00;9851,24;ONLY DISTRIBUIDORA;S;S;SIMPLE;;27/10/2025;PESOS
6920620009389;CARTUCHO GTC EPSON T296 CYAN;TODOS;INSUMOS DE IMPRESION > CARTUCHOS ALTERNATIVOS EPSON;UNIDAD;iva105;6920620009389;3145,00;3144,91;TECNOPRICES;S;S;SIMPLE;;12/11/2025;PESOS
6920620044007;CARTUCHO GTC EPSON T296 AMARILLO;TODOS;INSUMOS DE IMPRESION > CARTUCHOS ALTERNATIVOS EPSON;UNIDAD;iva105;6920620044007;3145,00;3144,91;TECNOPRICES;S;S;SIMPLE;;12/11/2025;PESOS
6920620009075;CARTUCHO GTC P/ EPSON T733 MAGENTA 13ML;TODOS;INSUMOS DE IMPRESION > CARTUCHOS ALTERNATIVOS EPSON;UNIDAD;iva105;6920620009075;1937,93;1937,93;TECNOPRICES;S;S;SIMPLE;;12/11/2025;PESOS
6920620009396;CARTUCHO GTC EPSON T296 MAGENTA;TODOS;INSUMOS DE IMPRESION > CARTUCHOS ALTERNATIVOS EPSON;UNIDAD;iva105;6920620009396;3145,00;3144,91;TECNOPRICES;S;S;SIMPLE;;12/11/2025;PESOS
6926474634715;CARTUCHO GTC EPSON T197 NEGRO;TODOS;INSUMOS DE IMPRESION > CARTUCHOS ALTERNATIVOS EPSON;UNIDAD;iva105;6926474634715;2153,00;2153,00;TECNOPRICES;S;S;SIMPLE;;12/11/2025;PESOS
6920620009372;CARTUCHO GTC EPSON T297 NEGRO;TODOS;INSUMOS DE IMPRESION > CARTUCHOS ALTERNATIVOS EPSON;UNIDAD;iva105;6920620009372;3145,00;3144,91;TECNOPRICES;S;S;SIMPLE;;12/11/2025;PESOS
7798026132012;BATERIA EXTERNA POWERBANK TRV BBP102 10000MAH 2XUSB 2.1A INDICADOR NIVEL DE BATERIA BLANCO ION/LITIO;TODOS;CARGADORES > POWER BANK;UNIDAD;iva21;7798026132012;12852,89;12852,89;TECNOPRICES;S;S;SIMPLE;;9/5/2025;PESOS
18057;CONTROL REMOTO GOOGLE CHROMECAST 4 LLEVA 2 PILAS AAA NO INCLUIDAS ALTERNATIVO;TODOS;ACCESORIOS > DE TV;UNIDAD;iva21;18057;8142,84;8142,84;TECNOPRICES;S;S;SIMPLE;;7/3/2025;PESOS
18669;PLACA DE RED WIFI USB COMFAST CF-WU811AC 650MBPS DUAL BAND 2.4GHZ 5.8GHZ MINI NANO;TODOS;CONECTIVIDAD > ADAPTADOR WIFI USB;UNIDAD;iva21;18669;7580,30;7580,30;TECNOPRICES;S;S;SIMPLE;;7/3/2025;PESOS
7044;CABLE HDMI 1.5 MTS 1080P NO SOPORTA 4K;TODOS;CABLES Y ADAPTADORES > HDMI;UNIDAD;iva21;7044;915,20;915,20;TECNOPRICES;S;S;SIMPLE;;7/3/2025;PESOS
6975174668261;CABLE HDMI 1.8 MTS KOLKE 21600P 2.0V 4K ULTRA HD 3D HASTA 60 CUADROS POR SEGUNDO;TODOS;CABLES Y ADAPTADORES > HDMI;UNIDAD;iva21;6975174668261;2664,20;2664,20;TECNOPRICES;S;S;SIMPLE;;7/3/2025;PESOS
10694;ADAPTADOR CARGADOR 5.5X2.5MM A 3.5X1.35MM NETBOOK BANGHO TABLET;TODOS;CABLES Y ADAPTADORES > TABLET;UNIDAD;iva21;10694;880,00;880,00;TECNOPRICES;S;S;SIMPLE;;7/3/2025;PESOS
19382;BATERIA EXTERNA POWERBANK INTCO M100A 10000MAH 1XUSBTIPOC 1XUSB3.0 CARGA RAPIDA 20W 5V 3A 9V 2.22A;TODOS;CARGADORES > POWER BANK;UNIDAD;iva21;19382;13008,60;13008,60;TECNOPRICES;S;S;SIMPLE;;9/5/2025;PESOS
19384;MOUSE INTCO RDL-362 CABLE USB RGB ABS 4D HASTA 1600DPI DIMENSIONES 116X62X38MM GAMER;TODOS;MOUSE > USB ALAMBRICO;UNIDAD;iva21;19384;2770,54;2770,54;TECNOPRICES;S;S;SIMPLE;;7/3/2025;PESOS
649528787323;DISCO SOLIDO SSD 240GB 2.5 SATA III CRUCIAL BX500 3D NAND SATA;TODOS;ALMACENAMIENTO > DISCOS SOLIDOS;UNIDAD;iva21;649528787323;22416,88;22416,88;TECNOPRICES;S;S;SIMPLE;;7/3/2025;PESOS
13814;PLACA DE RED PCI-E 10/100/1000 MBPS GIGABIT;TODOS;CONECTIVIDAD > PLACA DE RED;UNIDAD;iva21;13814;5864,54;5864,54;TECNOPRICES;S;S;SIMPLE;;7/3/2025;PESOS
7064;MICROFONO TIME CONDENSER MIC-31009;TODOS;AUDIO > MICROFONOS;UNIDAD;iva21;7064;18301,65;18301,65;IMPOTEKNO;S;S;SIMPLE;;17/2/2025;PESOS
5222195812163;CABLE DE RED PATCHCORD CAT 5E 20MTS;TODOS;CABLES Y ADAPTADORES > RED;UNIDAD;iva21;5222195812163;1706,61;1706,61;IMPOTEKNO;S;N;SIMPLE;;17/2/2025;PESOS
723540566064;CARGADOR TIME MICROUSB V8 2.1A + CABLE;TODOS;CARGADORES > MICRO USB - V8 - 220V;UNIDAD;iva21;723540566064;1005,79;1005,79;IMPOTEKNO;S;N;SIMPLE;;3/4/2025;PESOS
414795120889;ADAPTADOR UNIVERSAL MULTIVOLTAJE TW-003;TODOS;CARGADORES > DE PARED;UNIDAD;iva21;414795120889;4152,89;4152,89;IMPOTEKNO;S;N;SIMPLE;;17/2/2025;PESOS
6930149999894;JOYSTICK PC USB U-COM;TODOS;CONSOLAS > JOYSTICKS;UNIDAD;iva21;4008;5800,00;5800,00;ROCKY ELECTRONICA;S;N;SIMPLE;;9/5/2025;PESOS
812;ADAPTADOR VGA M A HDMI H + SONIDO - ADP-48007;TODOS;CABLES Y ADAPTADORES > HDMI;UNIDAD;iva21;812;3285,12;3285,12;IMPOTEKNO;S;S;SIMPLE;;17/2/2025;PESOS
8888021306040;ENERGIZER PILA DE AUDIOLOGIA N° 13 AUDIFONOS AZ312-DPA4 BLISTER X 8U;TODOS;PILAS > ALCALINAS;UNIDAD;iva105;8888021306040;5474,38;5474,38;JCK, JUAN;S;S;SIMPLE;;29/4/2025;PESOS
742832292184;RAPTOR GAMER AURICULAR SHADOW CORE RGB 7.1 CANCELACION SONIDO USB 3.5MM;TODOS;AUDIO > AURICULARES;UNIDAD;iva21;742832292184;23316,96;23316,96;JCK, JUAN;S;S;SIMPLE;;29/4/2025;PESOS
198154668891;"TABLET LENOVO TAB 10.1"" WUXGA 4GB+128GB + ESTUCHE TIPO FOLIO";TODOS;"TABLET > 10"" PULGADAS";UNIDAD;iva105;198154668891;207267,51;207267,51;INVID COMPUTERS;S;S;SIMPLE;;19/8/2025;PESOS
742832292092;"NOTEBOOK KELYX 15.6"" FHD AMD RYZEN 3-3200U 8GB M.2 256GB WIN 11 HOME GRIS OSCURO";TODOS;COMPUTADORAS > NOTEBOOKS;UNIDAD;iva105;742832292092;348638,01;348638,01;INVID COMPUTERS;S;S;SIMPLE;;30/5/2025;PESOS
10343973428;IMPRESORA MULTIFUNCIONAL EPSON ECOTANK L3560 WIFI;TODOS;IMPRESORAS > INKJET;UNIDAD;iva21;10343973428;356447,93;356447,93;INVID COMPUTERS;S;S;SIMPLE;;30/5/2025;PESOS
649528940063;MEMORIA UDIMM CRUCIAL BASICS 8GB DDR4 3200MHZ;TODOS;ACCESORIOS > DE PC;UNIDAD;iva105;649528940063;12026,45;12026,45;GRUPO NUCLEO, ANGEL;S;S;SIMPLE;;27/3/2025;PESOS
7798384610078;TABLET X-VIEW PROTON BEARS MAX 7 32GB 2GB DE MEMORIA RAM;TODOS;"TABLET > 7"" PULGADAS";UNIDAD;iva105;7798384610078;28905,89;28905,89;DYAMON SYSTEM;S;S;SIMPLE;;25/7/2025;PESOS
12872;ADAPTADOR USB TIPO C A USB 3.0 H OTG;TODOS;CABLES Y ADAPTADORES > USB;UNIDAD;iva21;12872;2260,33;2260,33;TECNOPRICES;S;S;SIMPLE;;12/5/2025;PESOS
18341;ADAPTADOR MICROUSB M A USB TIPO C H SOLO CARGA Y DATOS EN 2.0;TODOS;CABLES Y ADAPTADORES > MICRO USB - V8;UNIDAD;iva21;18341;1209,92;1209,92;TECNOPRICES;S;S;SIMPLE;;10/9/2025;PESOS
6928760169086;AURICULARES INALAMBRICOS DEPORTIVOS CONDUCCION OSEA LENOVO X4;TODOS;AUDIO > AURICULARES;UNIDAD;iva105;6928760169086;36199,09;36199,09;DIEGO COZZO, DIEGO;S;S;SIMPLE;;13/8/2025;PESOS
723540565920;VINCHA POPPIT GATITO BLUETOOTH;TODOS;AUDIO > AURICULARES;UNIDAD;iva21;723540565920;6921,49;6921,49;IMPOTEKNO;S;S;SIMPLE;;19/5/2025;PESOS
2068;LINTERNA LED RECARGABLE 3W 4 FUNCIONES;TODOS;ILUMINACION > LINTERNA LED;UNIDAD;iva21;2068;3511,57;3511,57;IMPOTEKNO;S;S;SIMPLE;;19/5/2025;PESOS
4056;POPPIT ELECTRONICO SPEED PUSH PERSONAJES;TODOS;JUGUETERIA > JUGUETES;UNIDAD;iva21;4046;3376,04;3376,04;IMPOTEKNO;S;S;SIMPLE;;19/5/2025;PESOS
723540564336;ALMOHADILLA REPOSAMUÑECAS;TODOS;ACCESORIOS > DE PC;UNIDAD;iva21;723540564336;4768,60;4768,60;IMPOTEKNO;S;S;SIMPLE;;19/5/2025;PESOS
83038;PIZARRA LED MARCADORES 15X15CM;TODOS;JUGUETERIA > JUGUETES;UNIDAD;iva21;83038;5791,74;5791,74;IMPOTEKNO;S;S;SIMPLE;;19/5/2025;PESOS
6951873104577;LINTERNA HYTOSHY LED RECARGABLE USB;TODOS;ILUMINACION > LINTERNA LED;UNIDAD;iva21;6951873104577;3305,78;3305,78;IMPOTEKNO;S;S;SIMPLE;;19/5/2025;PESOS
1305;PAD DE ESCRITORIO DISEÑO MELANGE 60X30 CM;TODOS;ACCESORIOS > DE PC;UNIDAD;iva21;1305;1862,00;1862,00;IMPOTEKNO;S;S;SIMPLE;;19/5/2025;PESOS
82017;TIRA LED 50X50 PARA TV 3M 90LED;TODOS;ILUMINACION > TIRA LED;UNIDAD;iva21;82017;3004,14;3004,14;IMPOTEKNO;S;S;SIMPLE;;19/5/2025;PESOS
1124;FUNDA UNIVERSAL SUMERGIBLE PARA CELULARES;TODOS;ACCESORIOS > DE CELULARES;UNIDAD;iva21;1124;631,00;631,40;IMPOTEKNO;S;S;SIMPLE;;10/11/2025;PESOS
6954189230366;MALETIN METALICO KIT DE ARTE DIBUJO 145 PIEZAS PARA NIÑOS;TODOS;JUGUETERIA > JUGUETES;UNIDAD;iva21;6954189230366;18852,66;18852,66;IMPOTEKNO;S;S;SIMPLE;;19/5/2025;PESOS
IP13;PROTECTOR E CAMARA PARA IPHNE 13 LISO NEGRO;TODOS;ACCESORIOS > DE CELULARES;UNIDAD;iva21;IP13;0,00;0,00;;S;S;SIMPLE;;;PESOS
6971664933659;SMARTWATCH HAYLOU SOLAR PLUS RT3 LS16 MIDE PASOS PULSACIONES OXIMETRO SUENO 105 MODOS DEPORTE CONTESTA LLAMADAS BLUETOOTH 5.3 220MAH IP68 466X466 PANTALLA 1.43 PULGADAS NEGRO;TODOS;RELOJES SMART > SMARTWATCH;UNIDAD;iva105;6971664933659;45630,78;45630,78;TECNOPRICES;S;S;SIMPLE;;18/6/2025;PESOS
97855074126;MOUSE LOGITECH WIR M185 GRIS;TODOS;MOUSE > INALAMBRICO;UNIDAD;iva105;;8870,59;8870,59;INVID COMPUTERS;S;S;SIMPLE;;19/6/2025;PESOS
742832292177;MOUSE RAPTOR STORM GRIP 9 BOTONES 8000DPI RETROILUMINADO;TODOS;MOUSE > GAMER;UNIDAD;iva105;742832292177;8705,88;8705,88;INVID COMPUTERS;S;S;SIMPLE;;19/6/2025;PESOS
1201;CABLE DE CARGA USB A MICROUSB 1,8M CON FILTRO PARA PS4;TODOS;CABLES Y ADAPTADORES > MICRO USB - V8;UNIDAD;iva21;1201;770,00;770,00;;S;N;SIMPLE;;18/2/2025;PESOS
903174;FUNDA SIGNOTECH 14 BOLSILLO BLACK;TODOS;ACCESORIOS > DE NOTEBOOKS;UNIDAD;iva21;93174;8975,21;8975,21;TODOINSUMOS;S;S;SIMPLE;;2/6/2025;PESOS
6936482100423;TONER ALTERNATIVO PANTUM PB210/211 GNEISS;TODOS;INSUMOS DE IMPRESION > TONERS ALTERNATIVOS;UNIDAD;iva21;6936482100423;12396,70;12396,70;TODOINSUMOS;S;S;SIMPLE;;15/8/2025;PESOS
6935482107432;TONER ALTERNATIVO GNEISS HP CF279A;TODOS;INSUMOS DE IMPRESION > TONERS ALTERNATIVOS;UNIDAD;iva21;6935482107432;5661,16;5661,16;TODOINSUMOS;S;N;SIMPLE;;11/4/2025;PESOS
100;SERVICIO TECNICO CELULARES;TODOS;SERVICIO TECNICO > CELULARES;UNIDAD;iva21;100;0,00;0,00;;S;S;SIMPLE;;;PESOS
6920620009112;GTC CARTUCHO ALTERNATIVO EPSON T133 TX125 MAGENTA;TODOS;INSUMOS DE IMPRESION > CARTUCHOS ALTERNATIVOS EPSON;UNIDAD;iva105;6920620009112;3110,41;3110,41;JCK, JUAN;S;S;SIMPLE;;27/6/2025;PESOS
7798137724977;TECLADO INALAMBRICO NOGA NKB-Q80 AZUL IDIOMA ESPAÑOL;TODOS;TECLADOS > INALAMBRICO;UNIDAD;iva105;7798137724977;18914,03;18914,03;DISTRIBUIDORA ORION, JOSE;S;S;SIMPLE;;15/8/2025;PESOS
2052;CAMARA KOSMO DE FOTOS INFANTIL PORTATIL CON IMPRESORA;TODOS;JUGUETERIA > JUGUETES;UNIDAD;iva21;2052;31818,18;31818,18;DISTRIBUIDORA ORION, JOSE;S;S;SIMPLE;;15/8/2025;PESOS
3002;PARLANTE PORTATIL BLUETOOTH RGB FORMA DE RUEDA;TODOS;AUDIO > PARLANTES;UNIDAD;iva21;3002;10330,58;10330,58;DISTRIBUIDORA ORION, JOSE;S;S;SIMPLE;;14/10/2025;PESOS
10680;RECEPTOR AUDIO BT-163 BLUETOOTH - SIN BATERIA SE ALIMENTA POR USB;TODOS;CABLES Y ADAPTADORES > AUDIO;UNIDAD;iva105;10680;2906,40;2906,40;TECNOPRICES;S;S;SIMPLE;;27/6/2025;PESOS
7790839918852;PARLANTE PORTATIL BLUETOOTH BT-13P IBEK USB/TF/AUX PLAY;TODOS;AUDIO > PARLANTES;UNIDAD;iva21;7790839918852;30165,29;30165,29;DISTRIBUIDORA ORION, JOSE;S;S;SIMPLE;;15/8/2025;PESOS
7798026132036;BASE CARGADOR INALAMBRICO TRV WEL201 CARGA RAPIDA 5V 2A 9V 1.8A;TODOS;CARGADORES > INALAMBRICO;UNIDAD;iva21;7798026132036;12652,20;12652,20;TECNOPRICES;S;S;SIMPLE;;27/6/2025;PESOS
97855110299;PARLANTES LOGITECH S150 2.4 WATTS USB STEREO NEGRO;TODOS;AUDIO > PARLANTES;UNIDAD;iva21;97855110299;17511,12;17511,12;TECNOPRICES;S;S;SIMPLE;;27/6/2025;PESOS
2053;PROYECTOR ASTRONAUTA DE PIE;TODOS;JUGUETERIA > JUGUETES;UNIDAD;iva21;2053;13223,14;13223,14;DISTRIBUIDORA ORION, JOSE;S;S;SIMPLE;;15/8/2025;PESOS
7895452660215;CAMARA FOTOS LAMBOTECH INFANTIL DIGITAL RECARGABLE FOTOS MINI;TODOS;JUGUETERIA > JUGUETES;UNIDAD;iva21;7895452660215;9504,14;9504,14;DISTRIBUIDORA ORION, JOSE;S;S;SIMPLE;;15/8/2025;PESOS
19163;CONTROL REMOTO TV BOX H96 MAX RK3318 H96 MINI V8 H96 MAX V11 H96 MAX H616 H96 MINI H8 H96 MAX RK3566 MX10 PRO MX10 + T95 X96 HK1 MAX X88 PRO REPRODUCTOR MULTIMEDIA ANDROID;TODOS;ACCESORIOS > DE TV;UNIDAD;iva105;19163;3675,73;3675,73;TECNOPRICES;S;S;SIMPLE;;15/4/2025;PESOS
19167;CONTROL REMOTO TV BOX T9 T95 T95Q T95N T95 MAX Q+ T95 PLUS HK1 X88 X96 H96 REPRODUCTOR MULTIMEDIA ANDROID;TODOS;ACCESORIOS > DE TV;UNIDAD;iva105;19167;4447,63;4447,63;TECNOPRICES;S;S;SIMPLE;;15/4/2025;PESOS
7798137389015;CABLE USB EXTENSION ALARGUE 3 MTS - CABLE USB M A USB H;TODOS;CABLES Y ADAPTADORES > USB;UNIDAD;iva21;7798137389015;1540,00;1540,00;TECNOPRICES;S;S;SIMPLE;;15/4/2025;PESOS
3135;PARLANTE SING-E ZQS3601 BLUETOOTH;TODOS;AUDIO > PARLANTES;UNIDAD;iva21;3135;51590,00;51590,00;DISTRIBUIDORA ORION, JOSE;S;S;SIMPLE;;29/10/2025;PESOS
3004;PARLANTE MASUYA BLUETOOTH RAUS-63832;TODOS;AUDIO > PARLANTES;UNIDAD;iva21;3004;38017,00;38016,53;DISTRIBUIDORA ORION, JOSE;S;S;SIMPLE;;15/8/2025;PESOS
1145029475906;SMART WATCH GT4  MOD-759  VERDE;TODOS;RELOJES SMART > SMARTWATCH;UNIDAD;iva105;1169029475906;16371,00;16371,00;ONLY DISTRIBUIDORA;S;S;SIMPLE;;29/10/2025;PESOS
1701;POP SOCKET INFANTILES;TODOS;ACCESORIOS > DE CELULARES;UNIDAD;iva21;1701;2480,00;0,00;DYD;S;N;SIMPLE;;;PESOS
7798137725301;ADAPTADOR BLUETOOTH 5.0 USB NOGANET NG-B60;TODOS;CONECTIVIDAD > ADAPTADOR BT USB;UNIDAD;iva105;7798137725301;3547,80;3547,80;TECNOPRICES;S;S;SIMPLE;;6/6/2025;PESOS
19587;LAPIZ OPTICO STYLUS CELULAR TABLET CAPACITIVO 2 EN 1 CON 2 PUNTAS A BATERIA CARGA POR PUERTO TIPO C INCLUYE CABLE - SOLO ANDROID NO ES COMPATIBLE CON APPLE IPAD;TODOS;ACCESORIOS > DE NOTEBOOKS;UNIDAD;iva105;19587;7072,80;7072,80;TECNOPRICES;S;S;SIMPLE;;6/6/2025;PESOS
7798137724960;TECLADO INALAMBRICO NOGA NKB-Q80 VIOLETA IDIOMA ESPAÑOL;TODOS;TECLADOS > INALAMBRICO;UNIDAD;iva105;7798137724960;18914,03;18914,03;DISTRIBUIDORA ORION, JOSE;S;S;SIMPLE;;15/8/2025;PESOS
7798137710543;MICROFONO NOGA NG-MI3308A DINAMICO OMNIDIRECCIONAL;TODOS;AUDIO > MICROFONOS;UNIDAD;iva21;7798137710543;9834,71;9834,71;DISTRIBUIDORA ORION, JOSE;S;S;SIMPLE;;15/8/2025;PESOS
7790839918883;PARLANTE PORTATIL BLUETOOTH BT-15P IBEK USB/TF/AUX PLAY;TODOS;AUDIO > PARLANTES;UNIDAD;iva21;7790839918883;24380,17;24380,17;DISTRIBUIDORA ORION, JOSE;S;S;SIMPLE;;15/8/2025;PESOS
3003;PARLANTE ORYX BT RIO SP1333;TODOS;AUDIO > PARLANTES;UNIDAD;iva21;3003;17768,60;17768,60;DISTRIBUIDORA ORION, JOSE;S;S;SIMPLE;;15/8/2025;PESOS
711719870258L;JOYSTICK INALAMBRICO COMPATIBLE PS4 COLOR LISO;TODOS;CONSOLAS > JOYSTICKS;UNIDAD;iva21;4002, 6926556542310;13476,00;13476,03;IMPOTEKNO;S;N;SIMPLE;;10/11/2025;PESOS
4055;CONSOLA HDMI DE VIDEOJUEGOS LITE GAMESTICK;TODOS;CONSOLAS > PORTATILES;UNIDAD;iva21;4055;23140,50;23140,50;DISTRIBUIDORA ORION, JOSE;S;S;SIMPLE;;15/8/2025;PESOS
1233;CABLE USB A FICHA 2.5 X 5.5MM 60CM;TODOS;CABLES Y ADAPTADORES > USB;UNIDAD;iva21;1233;2700,00;2700,00;SIN PROVEEDOR;S;S;SIMPLE;;5/5/2025;PESOS
6975174669381;ADAPTADOR DISPLAYPORT M A VGA H ALTERNATIVO - NO ES BIDIRECCIONAL;TODOS;CABLES Y ADAPTADORES > VGA;UNIDAD;iva21;6975174669381;3175,21;3175,21;TECNOPRICES;S;S;SIMPLE;;6/5/2025;PESOS
9356;FICHA DE RED RJ45 CAT5 METALICA AMP X UNIDAD;TODOS;CABLES Y ADAPTADORES > RED;UNIDAD;iva21;9356;138,00;138,00;TECNOPRICES;S;S;SIMPLE;;6/5/2025;PESOS
1848;ADAPTADOR DISPLAYPORT M A HDMI H - NO ES BIDIRECCIONAL - 1080P;TODOS;CABLES Y ADAPTADORES > HDMI;UNIDAD;iva21;1848;3208,80;3208,80;TECNOPRICES;S;S;SIMPLE;;6/5/2025;PESOS
742832295482;PAD MOUSE RAPTOR GAMER ULTRA GLIDE ANTIDESLIZANTE IMPERMEABLE XL 900X400X3MM;TODOS;ACCESORIOS > DE PC;UNIDAD;iva21;742832295482;10800,00;10800,00;JCK, JUAN;S;S;SIMPLE;;6/5/2025;PESOS
8436032295275;FUENTE SOLARMAX 600W KC-CFA600 COOLER 12CM +12V XXA 20+4PINES 2XMOLEX 2XSATA 1XFLOPPY;TODOS;ACCESORIOS > DE PC;UNIDAD;iva21;8436032295275;24315,70;24315,70;TECNOPRICES;S;S;SIMPLE;;6/5/2025;PESOS
1139;"FUNDA TABLET UNIVERSAL TECNOCEL TAB DISEÑO/LISA 10""- 11"" GIRA 360° NEGRO";TODOS;ACCESORIOS > DE TABLETS;UNIDAD;iva21;1139;4500,00;4500,00;JCK, JUAN;S;S;SIMPLE;;6/5/2025;PESOS
546;CABLE MINI HDMI A HDMI 1.5MTS;TODOS;CABLES Y ADAPTADORES > HDMI;UNIDAD;iva21;546;4830,00;4830,00;TECNOPRICES;S;S;SIMPLE;;9/9/2025;PESOS
840023258053;MOTOROLA G24 POWER DS 256GB+8GB INK BLUE;TODOS;CELULARES > SMARTPHONES;UNIDAD;iva21;840023258053;156921,49;156921,49;ATAXE ELECTRONICA;S;S;SIMPLE;;13/3/2025;PESOS
8806095389790;SAMSUNG GALAXY A15 DS 128GB+6GB BLUE BLACK;TODOS;CELULARES > SMARTPHONES;UNIDAD;iva21;8806095389790;178181,82;178181,82;ATAXE ELECTRONICA;S;S;SIMPLE;;13/3/2025;PESOS
6941812706329;XIAOMI REDMI 13C DS 256GB+8GB GLACIAR WHITE;TODOS;CELULARES > SMARTPHONES;UNIDAD;iva21;6941812706329;146611,57;146611,57;ITECOM - XIUN;S;S;SIMPLE;;13/3/2025;PESOS
6438409024800;NOKIA 106;TODOS;CELULARES > CON TECLADO;UNIDAD;iva21;6438409024800;22363,64;22363,64;CELL STORE;S;S;SIMPLE;;13/3/2025;PESOS
8803821235437;SAMSUNG GT-E1272;TODOS;CELULARES > CON TECLADO;UNIDAD;iva21;;24396,69;24396,69;CELL STORE;S;S;SIMPLE;;13/3/2025;PESOS
1283;CABLE HDMI A HDMI M/M 5 MTS MALLADO CON FILTRO;TODOS;CABLES Y ADAPTADORES > HDMI;UNIDAD;iva21;1283;2600,00;2600,00;IMPOTEKNO;S;S;SIMPLE;;23/6/2025;PESOS
700306604369;NETMAK NM-MAGNUM GAMEPAD JOYSTICK PC/PS3/ANDROID INALAMBRICO;TODOS;CONSOLAS > JOYSTICKS;UNIDAD;iva21;700306604369;17299,34;17299,34;JCK, JUAN;S;S;SIMPLE;;23/6/2025;PESOS
700306605861;NETMAK NM-NITRO JOYSTICK GAMEPAD ANDROID BT C/SOPORTE PARA PLAYSTATION 3(PS3), PLAYSTATION 4(PS4), NINTENDO SWITCH, PC Y ANDROID;TODOS;CONSOLAS > JOYSTICKS;UNIDAD;iva21;700306605861;15041,65;15041,65;JCK, JUAN;S;S;SIMPLE;;23/6/2025;PESOS
700306604017;NETMAK NM-DASH - JOYSTICK PS3 PC USB LED RGB;TODOS;CONSOLAS > JOYSTICKS;UNIDAD;iva21;700306604017;16393,39;16393,39;JCK, JUAN;S;S;SIMPLE;;23/6/2025;PESOS
7792641880266;NETMAK NM-C26 CABLE MINI PLUG 3.5 MM M/M 1.5MTS AUXILIAR AUDIO;TODOS;CABLES Y ADAPTADORES > AUDIO;UNIDAD;iva21;7792641880266;631,69;631,69;JCK, JUAN;S;S;SIMPLE;;23/6/2025;PESOS
INKDYEMEPL 504;TINTA GLOBAL EPSON T504 MAGENTA 70ML;TODOS;INSUMOS DE IMPRESION > TINTAS ALTERNATIVAS EPSON;UNIDAD;iva21;INKDYEMEPL 504;2005,79;2005,79;JCK, JUAN;S;S;SIMPLE;;13/3/2025;PESOS
INKDYECEPL 504;TINTA GLOBALEPSON T504 CYAN70ML;TODOS;INSUMOS DE IMPRESION > TINTAS ALTERNATIVAS EPSON;UNIDAD;iva21;INKDYECEPL 504;2005,79;2005,79;JCK, JUAN;S;S;SIMPLE;;13/3/2025;PESOS
91532410501626;ESTABILIZADOR DE TENSION LYONN 1200VA (800 WATT) TIPO 1ZAPATILLA;TODOS;ACCESORIOS > ESTABILIZADORES Y ZAPATILLAS;UNIDAD;iva21;91532410501626;31680,99;31680,99;GRUPO NUCLEO, ANGEL;S;S;SIMPLE;;13/3/2025;PESOS
63122;PC PCBOX AMD RYZEN 3 3200G, 8GB, SSD 240GB, SIN SISTEMA - KIT: TECLADO, MOUSE;TODOS;COMPUTADORAS > PC ESCRITORIO;UNIDAD;iva105;63122;200161,98;200161,98;GRUPO NUCLEO, ANGEL;S;S;SIMPLE;;13/3/2025;PESOS
101;SERVICIO TECNICO;TODOS;ACCESORIOS > DE PC;UNIDAD;iva21;101;0,00;0,00;;S;S;SIMPLE;;;PESOS
113001702;MANOS LIBRES MOD1084  BLANCO;TODOS;AUDIO > AURICULARES;UNIDAD;iva21;113001702;1082,64;1082,64;ONLY DISTRIBUIDORA;S;S;SIMPLE;;27/2/2025;PESOS
1109010310150;MANOS LIBRES O-PUSH  MOD31 - BLANCO;TODOS;AUDIO > AURICULARES;UNIDAD;iva21;1109010310150;1049,59;1049,59;ONLY DISTRIBUIDORA;S;S;SIMPLE;;27/2/2025;PESOS
1109040110901;MANOS LIBRES BLUETOOTH TWS RACE  ONLY  BLANCO;TODOS;AUDIO > AURICULARES;UNIDAD;iva21;;7727,27;7727,27;ONLY DISTRIBUIDORA;S;S;SIMPLE;;27/2/2025;PESOS
1109010404500;MANOS LIBRES  MODX-045 THUNDER-C  XAEA;TODOS;AUDIO > AURICULARES;UNIDAD;iva21;;2041,32;2041,32;ONLY DISTRIBUIDORA;S;S;SIMPLE;;27/2/2025;PESOS
110805010400112;CARGADOR 220V MODO-040 IMPULSE  2.1A + CABLE TIPO C;TODOS;CARGADORES > USB C - 220V;UNIDAD;iva21;110805010400112;1413,22;1413,22;ONLY DISTRIBUIDORA;S;S;SIMPLE;;27/2/2025;PESOS
110408101;AURICULAR XAEA BLUETOOTH MOD1040  NEGRO;TODOS;AUDIO > AURICULARES;UNIDAD;iva21;110408101;20578,51;20578,51;ONLY DISTRIBUIDORA;S;S;SIMPLE;;27/2/2025;PESOS
11080504C010116;CARGADOR XAEA INTENSIFY - MOD600 2 PUERTOS (USB-USB C) + CABLE USB A TIPO C;TODOS;CARGADORES > USB C - 220V;UNIDAD;iva21;11080504C010116;2925,62;2925,62;ONLY DISTRIBUIDORA;S;S;SIMPLE;;11/9/2025;PESOS
1109040110902;MANOS LIBRES BLUETOOTH TWS RACE  ONLY  NEGRO;TODOS;AUDIO > AURICULARES;UNIDAD;iva21;1109040110902;7727,27;7727,27;ONLY DISTRIBUIDORA;S;S;SIMPLE;;27/2/2025;PESOS
7798026132005;BATERIA EXTERNA POWERBANK TRV BBP103 5000MAH;TODOS;CARGADORES > POWER BANK;UNIDAD;iva21;7798026132005;12028,00;12028,00;TECNOPRICES;S;S;SIMPLE;;30/10/2025;PESOS
459;SMART TAG;TODOS;ACCESORIOS > DE CELULARES;UNIDAD;iva21;459;1000,00;1000,00;;S;S;SIMPLE;;30/6/2025;PESOS
3038;PARLANTE GREATNICE PORTATIL BLUETOOTH MICROUSB Y USB MODELO GTS-1732;TODOS;AUDIO > PARLANTES;UNIDAD;iva21;3038;3830,58;3830,58;IMPOTEKNO;S;S;SIMPLE;;3/4/2025;PESOS
3039;PARLANTE PORTATIL BLUETOOTH MICROUSB Y USB MODELO KTX-1259;TODOS;AUDIO > PARLANTES;UNIDAD;iva21;3039;11983,47;11983,47;IMPOTEKNO;S;S;SIMPLE;;3/4/2025;PESOS
6972400531573;CALCULADORA KARUIDA KK-837B-12;TODOS;CALCULADORAS > BASICAS;UNIDAD;iva21;6972400531573;2042,15;2042,15;IMPOTEKNO;S;S;SIMPLE;;3/4/2025;PESOS
6952693500548;PARLANTE G BLUETOOTH CON 2 MICROFONOS;TODOS;AUDIO > PARLANTES;UNIDAD;iva21;6952693500548;12222,31;12222,31;IMPOTEKNO;S;S;SIMPLE;;19/5/2025;PESOS
700306605489;NETMAK NM-KB380 TECLADO INALAMBRICO 2.4GHZ + BLUETOOTH;TODOS;TECLADOS > INALAMBRICO;UNIDAD;iva105;700306605489;16462,81;16462,81;JCK, JUAN;S;S;SIMPLE;;4/4/2025;PESOS
INKDYEYEPL 504;TINTA GLOBAL EPSON T504 AMARILLO 70ML;TODOS;INSUMOS DE IMPRESION > TINTAS ALTERNATIVAS EPSON;UNIDAD;iva21;INKDYEYEPL 504, INKDYEYEPL 504;2132,23;2132,23;JCK, JUAN;S;S;SIMPLE;;4/4/2025;PESOS
17822;SMARTBAND C5S BRACELET FITNESS CONTROL DE PASOS PULSACIONES OXIMETRO SUENO CALORIAS CLIMA MODO DEPORTES MENSAJES BLUETOOTH 4.0 90MAH 128X96MPX PANTALLA 0.96 PULGADAS - NO ES TACTIL - NO ES SUMERGIBLE;TODOS;RELOJES SMART > SMARTBAND;UNIDAD;iva105;17822;11479,34;11479,34;TECNOPRICES;S;S;SIMPLE;;4/4/2025;PESOS
6973037709489;AURICULAR VINCHA LENOVO THINKPLUS TH10 - BLUETOOTH 5.1;TODOS;AUDIO > AURICULARES;UNIDAD;iva105;6973037709489;24912,17;24912,17;TECNOPRICES;S;S;SIMPLE;;4/4/2025;PESOS
6971664934045;SMARTWATCH HAYLOU SOLAR LITE;TODOS;RELOJES SMART > SMARTWATCH;UNIDAD;iva105;6971664934045;25497,52;25497,52;TECNOPRICES;S;S;SIMPLE;;4/4/2025;PESOS
6971664935073;SMARTWATCH HAYLOU SOLAR NEO - MODELO HF008;TODOS;RELOJES SMART > SMARTWATCH;UNIDAD;iva105;6971664935073;25497,52;25497,52;TECNOPRICES;S;S;SIMPLE;;4/4/2025;PESOS
2054;FILAMENTO PLA REPUESTO IMPRESORA LAPIZ 3D;TODOS;JUGUETERIA > JUGUETES;UNIDAD;iva21;2054;742,98;742,98;;S;S;SIMPLE;;9/9/2025;PESOS
5055374709818;AURICULAR IN-EAR MOTOROLA BUDS 2S BLANCO;TODOS;AUDIO > AURICULARES;UNIDAD;iva21;5055374709818;5081,62;5081,62;ITECOM - XIUN;S;S;SIMPLE;;8/5/2025;PESOS
5055374716236;AURICULARES MOTOROLA INALAMBRICOS BLUETOOTH BUDS 065 BLACK;TODOS;AUDIO > AURICULARES;UNIDAD;iva21;5055374716236;26067,09;26067,09;ITECOM - XIUN;S;S;SIMPLE;;8/5/2025;PESOS
751492782249;PENDRIVE 64GB HP V222W MINI NANO METAL USB 2.0;TODOS;ALMACENAMIENTO > PENDRIVES;UNIDAD;iva21;751492782249, 4712847094062;5509,00;5508,80;TECNOPRICES;S;S;SIMPLE;;7/3/2025;PESOS
11628;CONVERSOR RCA H A HDMI H - ADAPTADOR ENTRADA RCA SALIDA HDMI - NO ES BIDIRECCIONAL - CABLE MINIUSB NO INCLUYE TRANSFORMADOR 5V 2A;TODOS;CABLES Y ADAPTADORES > AUDIO;UNIDAD;iva105;11628;9545,00;9545,00;TECNOPRICES;S;S;SIMPLE;;9/9/2025;PESOS
13957;ADAPTADOR PLAYSTATION 2 A HDMI;TODOS;CABLES Y ADAPTADORES > HDMI;UNIDAD;iva21;13957;7938,00;7938,00;TECNOPRICES;S;S;SIMPLE;;9/9/2025;PESOS
7945;CARGADOR TABLET 5V 2A 2.5X0.7MM PIN FINO TITAN EURO COBY ALTERNATIVO;TODOS;CARGADORES > DE PARED;UNIDAD;iva21;7945;4612,00;4612,00;TECNOPRICES;S;S;SIMPLE;;9/9/2025;PESOS
1225;CABLE AUXILIAR AUDIO PLUG 3.5 STEREO M/M 3MTS;TODOS;CABLES Y ADAPTADORES > AUDIO;UNIDAD;iva21;1225;1118,00;1118,00;TECNOPRICES;S;S;SIMPLE;;10/9/2025;PESOS
5482;CABLE CARGADOR TABLET USB A PLUG 5.5X2.5MM;TODOS;CABLES Y ADAPTADORES > USB;UNIDAD;iva21;5482;2822,40;2822,40;TECNOPRICES;S;S;SIMPLE;;10/9/2025;PESOS
9612;ADAPTADOR RJ45 H A RJ45 H CAT5 10/100MBPS;TODOS;CABLES Y ADAPTADORES > RED;UNIDAD;iva21;9612;277,03;277,03;TECNOPRICES;S;S;SIMPLE;;10/9/2025;PESOS
19696;CAPUCHON PARA FICHA RJ45 XU. AMARILLO;TODOS;CABLES Y ADAPTADORES > RED;UNIDAD;iva21;19696;60,00;60,00;TECNOPRICES;S;S;SIMPLE;;10/9/2025;PESOS
2069;PROYECTOR ORYX LED SMART ANDROID WIFI BT UHD OR-PRO1;TODOS;ACCESORIOS > DE TV;UNIDAD;iva21;2069;51685,00;51685,00;IMPOTEKNO;S;S;SIMPLE;;30/9/2025;PESOS
740617298727;MICROSD 512GB CLASE 10 KINGSTON 100MB CON ADAPTADOR A SD;TODOS;ALMACENAMIENTO > MEMORIAS MICROSD;UNIDAD;iva21;740617298727;52485,00;52485,00;TECNOPRICES;S;S;SIMPLE;;9/5/2025;PESOS
740617298710;MICROSD 256GB CLASE 10 KINGSTON 100MB CON ADAPTADOR A SD;TODOS;ALMACENAMIENTO > MEMORIAS MICROSD;UNIDAD;iva21;;23055,00;23055,00;TECNOPRICES;S;S;SIMPLE;;9/5/2025;PESOS
840023268823;MOTO G04S 4GB + 128GB VERDE;TODOS;CELULARES > SMARTPHONES;UNIDAD;iva21;840023268823;98181,81;98181,81;DIEGO COZZO, DIEGO;S;S;SIMPLE;;13/6/2025;PESOS
840023288654;MOTO G15 4GB + 128GB ORANGE;TODOS;CELULARES > SMARTPHONES;UNIDAD;iva21;840023288654;123966,94;123966,94;DIEGO COZZO, DIEGO;S;S;SIMPLE;;4/6/2025;PESOS
8806095827506;SAMSUNG A16 4GB + 128 NEGRO;TODOS;CELULARES > SMARTPHONES;UNIDAD;iva21;8806095827506;146776,86;146776,86;DIEGO COZZO, DIEGO;S;S;SIMPLE;;4/6/2025;PESOS
8806095988900;SAMSUNG M55 5G 8GB + 256GB NEGRO;TODOS;CELULARES > SMARTPHONES;UNIDAD;iva21;8806095988900;272727,27;272727,27;DIEGO COZZO, DIEGO;S;S;SIMPLE;;4/6/2025;PESOS
840023256356;MOTO G04 4GB + 64GB VERDE;TODOS;CELULARES > SMARTPHONES;UNIDAD;iva21;840023256356;93140,50;93140,50;DIEGO COZZO, DIEGO;S;S;SIMPLE;;4/6/2025;PESOS
840023257100;MOTO G04 4GB + 64GB AZUL;TODOS;CELULARES > SMARTPHONES;UNIDAD;iva21;840023257100;93140,50;93140,50;DIEGO COZZO, DIEGO;S;S;SIMPLE;;4/6/2025;PESOS
8806095271408;SAMSUNG A05 4GB + 64GB NEGRO;TODOS;CELULARES > SMARTPHONES;UNIDAD;iva21;8806095271408;95165,29;95165,29;DIEGO COZZO, DIEGO;S;S;SIMPLE;;4/6/2025;PESOS
11399;ADAPTADOR APPLE LIGHTNING 8 PINES M A JACK 3.5MM H - PARA IPHONE SIN MICROFONO SOLO AUDIO ALTERNATIVO;TODOS;CABLES Y ADAPTADORES > IPHONE;UNIDAD;iva21;11399;5295,70;5295,70;TECNOPRICES;S;S;SIMPLE;;23/5/2025;PESOS
19008;SMARTWATCH COLMI P81 CARDIACO SUENO OXIGENO EN SANGRE SATURACION MODO DEPORTIVO CONTESTA LLAMADAS IP68 BLUETOOTH 5.3 BATERIA 300MAH 348X442 PANTALLA 1.9 PULGADAS;TODOS;RELOJES SMART > SMARTWATCH;UNIDAD;iva105;19008;23377,20;23377,20;TECNOPRICES;S;S;SIMPLE;;23/5/2025;PESOS
19007;SMARTWATCH COLMI P76 CARDIACO SUENO OXIGENO EN SANGRE SATURACION CONTESTA LLAMADAS BATERIA 430MAH BLUETOOTH 5.3 240X282 PANTALLA 1.96 PULGADAS;TODOS;RELOJES SMART > SMARTWATCH;UNIDAD;iva21;19007;24245,07;24245,07;TECNOPRICES;S;S;SIMPLE;;23/5/2025;PESOS
7798158088065;FUNDA NOTEBOOK 17 - SIMIL NEOPRENE CON CIERRE NEGRA;TODOS;ACCESORIOS > DE NOTEBOOKS;UNIDAD;iva21;7798158088065;9171,25;9171,25;TECNOPRICES;S;S;SIMPLE;;23/5/2025;PESOS
846651017000;MEMORIA SODIMM DDR3-L 4GB 1600MHZ 1.35V LOW POWER NOTEBOOK GOLDEN;TODOS;COMPUTADORAS > NOTEBOOKS;UNIDAD;iva105;846651017000;5246,28;5246,28;TECNOPRICES;S;S;SIMPLE;;23/5/2025;PESOS
8806097074571;SAMSUNG A26 5G 6GB + 128GB BLACK (-20% OFF);TODOS;CELULARES > SMARTPHONES;UNIDAD;iva21;8806097074571;265455,00;265455,00;DIEGO COZZO, DIEGO;S;S;SIMPLE;;17/10/2025;PESOS
8806095753010;SAMSUNG A06 4+64GB LIGHT BLUE (20% OFF);TODOS;CELULARES > SMARTPHONES;UNIDAD;iva21;8806095753010, 8806095755458;99174,00;99173,55;MANU MARTIN, MANU;S;S;SIMPLE;;9/9/2025;PESOS
196802843416;"TABLET LENOVO TAB M9 9"" HD 4GB+64GB, FOLIOCASE + FILM ANDROID 12";TODOS;"TABLET > 9""";UNIDAD;iva105;196802843416;165288,75;165288,75;INVID COMPUTERS;S;S;SIMPLE;;19/8/2025;PESOS
6935364089474;ROUTER WIFI TP-LINK ARCHER C24 AC750 DUAL BAND 4 ANTENAS 1 WAN Y 4 LAN 5GHZ 433MBPS 2.4GHZ 300MBPS FUNCION REPETIDOR;TODOS;CONECTIVIDAD > ROUTER;UNIDAD;iva105;6935364089474;26765,00;26765,00;TECNOPRICES;S;S;SIMPLE;;17/9/2025;PESOS
8806095829036;SAMSUNG A16 6GB+128GB BLACK;TODOS;CELULARES > SMARTPHONES;UNIDAD;iva21;8806095829036;176462,81;176462,81;DIEGO COZZO, DIEGO;S;S;SIMPLE;;21/8/2025;PESOS
8806095828978;SAMSUNG A16 6GB+128GB LIGHT GREEN;TODOS;CELULARES > SMARTPHONES;UNIDAD;iva21;8806095828978;176462,81;176462,81;DIEGO COZZO, DIEGO;S;S;SIMPLE;;21/8/2025;PESOS
8806095828923;SAMSUNG A16 6GB+128GB GREY;TODOS;CELULARES > SMARTPHONES;UNIDAD;iva21;8806095828923;176462,81;176462,81;DIEGO COZZO, DIEGO;S;S;SIMPLE;;21/8/2025;PESOS
6935482107647;TONER ALTERNATIVO GNEISS HP CF217A;TODOS;INSUMOS DE IMPRESION > TONERS ALTERNATIVOS;UNIDAD;iva21;6935482107647;5640,38;5640,38;TODOINSUMOS;S;S;SIMPLE;;21/8/2025;PESOS
6974202726089;MICROSD HIKSEMI 32GB NEO C/ADA;TODOS;ALMACENAMIENTO > MEMORIAS MICROSD;UNIDAD;iva105;6974202726089;3234,90;3234,90;INVID COMPUTERS;S;S;SIMPLE;;20/8/2025;PESOS
6908106010005;TONER GTC P/ BROTHER TN1060;TODOS;INSUMOS DE IMPRESION > TONERS ALTERNATIVOS;UNIDAD;iva21;;3375,00;3375,00;TECNOPRICES;S;S;SIMPLE;;7/11/2025;PESOS
91163259947;PARLANTES GENIUS SP-HF385BT 4 WATTS 2 EN 1 CONEXION POR CABLE Y BLUETOOTH MADERA NEGRO CON GRIS;TODOS;AUDIO > PARLANTES;UNIDAD;iva21;91163259947;23733,00;23732,89;TECNOPRICES;S;S;SIMPLE;;7/11/2025;PESOS
92636336257;MOCHILA TARGUS 15.6 INTELLECT ESSENTIALS 39.6CM 16LT 3 COMPARTIMIENTOS CON CIERRE;TODOS;ACCESORIOS > DE NOTEBOOKS;UNIDAD;iva21;92636336257;18413,00;18412,50;TECNOPRICES;S;S;SIMPLE;;7/11/2025;PESOS
1145029477502;SMART WATCH SU 80 - MODS-775 - NEGRO;TODOS;RELOJES SMART > SMARTWATCH;UNIDAD;iva21;1145029477502;12390,00;12390,00;ONLY DISTRIBUIDORA;S;S;SIMPLE;;20/10/2025;PESOS
1109040111101;AURICULARES MANOS LIBRES MODO-111 VIPER TWS;TODOS;AUDIO > AURICULARES;UNIDAD;iva105;1109040111101, 1109040111135;8308,00;8307,69;ONLY DISTRIBUIDORA;S;S;SIMPLE;;27/5/2025;PESOS
97855088741;TECLADO LOGITECH K120 USB NEGRO RESISTENTE A DERRAMES DE AGUA CON CABLE;TODOS;TECLADOS > USB ALAMBRICO;UNIDAD;iva105;97855088741;11214,00;11214,00;TECNOPRICES;S;S;SIMPLE;;21/10/2025;PESOS
2141;FLIP COVER LISO CELULAR;TODOS;ACCESORIOS > DE CELULARES;UNIDAD;iva21;2141;2200,00;2200,00;DYD;S;S;SIMPLE;;7/11/2025;PESOS
7798137720429;PAD MOUSE NOGA APOYA MUÑECA CON GEL 3D;TODOS;ACCESORIOS > DE PC;UNIDAD;iva21;7798137720429;4156,00;4156,00;IMPOTEKNO;S;S;SIMPLE;;19/9/2025;PESOS
1312;MOUSE PAD LISO BLACK BIG - 68CM X 30CM;TODOS;ACCESORIOS > DE PC;UNIDAD;iva21;1312;4883,00;4882,64;TODOINSUMOS;S;S;SIMPLE;;19/9/2025;PESOS
A60;LAMPARA LED RGB CON CONTROL A60;TODOS;ILUMINACION > LAMPARA LED;UNIDAD;iva21;A60;2868,00;2867,77;TODOINSUMOS;S;S;SIMPLE;;19/9/2025;PESOS
840023268151;EDGE 50 NEO 5G 512GB / 12GB RAM  (LATTE) S/CARG;TODOS;CELULARES > SMARTPHONES;UNIDAD;iva21;840023268151;351000,00;351000,00;URQUIZA, DIEGO COZZO;S;S;SIMPLE;;17/10/2025;PESOS
840023276064;MOTOROLA G85 256GB / 8GB RAM  (GREEN) S/CARG;TODOS;CELULARES > SMARTPHONES;UNIDAD;iva21;840023276064;251207,00;251206,61;URQUIZA, DIEGO COZZO;S;S;SIMPLE;;6/10/2025;PESOS
840023275074;MOTOROLA G35 5G 256GB / 8GB RAM  (BLACK);TODOS;CELULARES > SMARTPHONES;UNIDAD;iva21;840023275074;184700,00;184700,00;URQUIZA, DIEGO COZZO;S;S;SIMPLE;;17/10/2025;PESOS
840023288661;MOTOROLA G15 128GB / 4GB RAM  (GREY) C/CARG;TODOS;CELULARES > SMARTPHONES;UNIDAD;iva21;840023288661;141600,00;141600,00;URQUIZA, DIEGO COZZO;S;S;SIMPLE;;17/10/2025;PESOS
8806097667407;SAMSUNG GALAXY A17 5G 256GB / 8GB RAM  (BLUE) S/CARG;TODOS;CELULARES > SMARTPHONES;UNIDAD;iva21;8806097667407;305388,00;305388,43;URQUIZA, DIEGO COZZO;S;S;SIMPLE;;6/10/2025;PESOS
8806097055396;SAMSUNG GALAXY A56 5G 256GB / 12GB RAM  (GRAFITO) S/CARG;TODOS;CELULARES > SMARTPHONES;UNIDAD;iva21;8806097055396;464240,00;464239,67;URQUIZA, DIEGO COZZO;S;S;SIMPLE;;6/10/2025;PESOS
8806097056485;SAMSUNG GALAXY A56 5G 256GB / 12GB RAM  (OLIVE) S/CARG;TODOS;CELULARES > SMARTPHONES;UNIDAD;iva21;8806097056485;464240,00;464239,67;URQUIZA, DIEGO COZZO;S;S;SIMPLE;;6/10/2025;PESOS
8806097055921;SAMSUNG GALAXY A56 5G 256GB / 12GB RAM  (GRAY) S/CARG;TODOS;CELULARES > SMARTPHONES;UNIDAD;iva21;8806097055921;464240,00;464239,67;URQUIZA, DIEGO COZZO;S;S;SIMPLE;;6/10/2025;PESOS
8806097057819;SAMSUNG GALAXY A36 5G 256GB / 8GB RAM  (BLACK) S/CARG;TODOS;CELULARES > SMARTPHONES;UNIDAD;iva21;8806097057819;363264,00;363264,46;URQUIZA, DIEGO COZZO;S;S;SIMPLE;;6/10/2025;PESOS
8806097058021;SAMSUNG GALAXY A36 5G 256GB / 8GB RAM  (WHITE) S/CARG;TODOS;CELULARES > SMARTPHONES;UNIDAD;iva21;8806097058021;363264,00;363264,46;URQUIZA, DIEGO COZZO;S;S;SIMPLE;;6/10/2025;PESOS
8806097059622;SAMSUNG GALAXY A36 5G 256GB / 8GB RAM  (LIMA) S/CARG;TODOS;CELULARES > SMARTPHONES;UNIDAD;iva21;8806097059622;363264,00;363264,46;URQUIZA, DIEGO COZZO;S;S;SIMPLE;;6/10/2025;PESOS
8806095828886;SAMSUNG GALAXY A16 128GB/4RAM  ( BLACK) S/CARG;TODOS;CELULARES > SMARTPHONES;UNIDAD;iva21;8806095828886;165008,00;165008,26;URQUIZA, DIEGO COZZO;S;S;SIMPLE;;6/10/2025;PESOS
6974202726843;PEN DRIVE HIKSEMI 32GB M200 CLASSIC USB 3.0;TODOS;ALMACENAMIENTO > PENDRIVES;UNIDAD;iva21;6974202726843;5232,00;5231,82;INVID COMPUTERS;S;S;SIMPLE;;7/10/2025;PESOS
740617263442;DISCO SSD KINGSTON A400 480 GB SATA;TODOS;ALMACENAMIENTO > DISCOS SOLIDOS;UNIDAD;iva105;740617263442;50284,00;50284,00;INVID COMPUTERS;S;S;SIMPLE;;7/10/2025;PESOS
740617310023;PENDRIVE 256GB KINGSTON DATATRAVELER EXODIA DTX USB 3.2;TODOS;ALMACENAMIENTO > PENDRIVES;UNIDAD;iva21;740617310023;20493,00;20493,00;TECNOPRICES;S;S;SIMPLE;;7/10/2025;PESOS
