CODIGO;PRODUCTO;CATEGORIAS;RUBRO;SUB RUBRO;PORCENTAJE IVA;COD BARRA;COSTO;COSTO TOTAL;PROVEEDOR;STOCKEABLE;ACEPTA STOCK NEGATIVO;TIPO DE PRODUCTO;DESCRIPCION;ULTIMA ACT. COSTO;MONEDA
1242;CABLE USB A MICROUSB OEM - NEGRO;;CABLES Y ADAPTADORES;MICRO USB - V8;21;1242;1500;1500;;S;S;SIMPLE;;24/4/2025;PESOS
24909;ADAPTADOR MULTI ENCHUFE MUNDIAL;;CABLES Y ADAPTADORES;TENSION;21;24909;3435,95;3435,95;TECNOPRICES;S;S;SIMPLE;;11/8/2025;PESOS
20257;DISCO SOLIDO SSD 256GB M2 MICRON 2450 22X80MM PCIE 3.0 NVME;;ALMACENAMIENTO;DISCOS SOLIDOS;10,5;20257;22383,45;22383,45;TECNOPRICES;S;S;SIMPLE;;11/8/2025;PESOS
2050;LAPIZ IMPRESORA 3D RECARGABLE P11-HT;;JUGUETERIA;JUGUETES;21;2050;12830;12830;IMPOTEKNO;S;S;SIMPLE;;11/8/2025;PESOS
097855088819;COMBO TECLADO + MOUSE LOGITECH INALAMBRICO MK220;;TECLADOS;COMBOS;10,5;097855088819;17247,93;17247,93;GRUPO NUCLEO, ANGEL;S;S;SIMPLE;;27/2/2025;PESOS
723540564565;HOLDER DOBLE SOPAPA;;ACCESORIOS;DE CELULARES;21;723540564565;694,21;694,21;IMPOTEKNO;S;S;SIMPLE;;11/8/2025;PESOS
6900780012320;LINTERNA MINI CAMUFLADO RECARGABLE BN1232;;ILUMINACION;LINTERNA LED;21;6900780012320;2122;2122,31;IMPOTEKNO;S;S;SIMPLE;;10/11/2025;PESOS
140L14;MINI PIZARRA LLAVERO CAPYBARA;;JUGUETERIA;JUGUETES;21;140L14;841;841,32;IMPOTEKNO;S;S;SIMPLE;;10/11/2025;PESOS
7897791465858;REPETIDOR WIFI H300M BN0197;;CONECTIVIDAD;EXTENSOR DE RANGO;10,5;7897791465858;7733;7733,03;IMPOTEKNO;S;S;SIMPLE;;10/11/2025;PESOS
3136;PARLANTE BARRA DE SONIDO LUCES RGB BT (KTS-1965);;AUDIO;PARLANTES;21;3136;14318;14318,18;IMPOTEKNO;S;S;SIMPLE;;10/11/2025;PESOS
6982025040312;AURICULAR BLUETOOTH CAPYBARA + ESTUCHE JK609;;AUDIO;AURICULARES;10,5;6982025040312;6697;6696,83;IMPOTEKNO;S;S;SIMPLE;;10/11/2025;PESOS
6152025042016;AURICULAR VINCHA RECARGABLES BT + CARTERA CAPIBARA CARPINCHO;;AUDIO;AURICULARES;10,5;6152025042016;7355;7355,37;IMPOTEKNO;S;S;SIMPLE;;10/11/2025;PESOS
1702;HUMIFICADOR DIFUSOR RECARGABLE LED RGB PORTATIL ESENCIAS HMF-91074;;ACCESORIOS;DE AUTO;21;1702;5455;5454,55;IMPOTEKNO;S;S;SIMPLE;;10/11/2025;PESOS
1703;HUMIDIFICADOR DIFUSOR PROYECTOR LED USB HMF-91062;;ACCESORIOS;DE AUTO;21;1703;6529;6528,93;IMPOTEKNO;S;S;SIMPLE;;10/11/2025;PESOS
731299174348;RADIO SUONO 2 BANDAS AM/FM AYV0118;;RADIOS;PORTATILES;21;731299174348;6030;6029,75;IMPOTEKNO;S;S;SIMPLE;;10/11/2025;PESOS
71068;SOPORTE PARA CELULAR PARA AUTO EN ESPEJO RETROVISOR NEGRO HD-71068;;ACCESORIOS;DE AUTO;21;71068;1472;1471,9;IMPOTEKNO;S;S;SIMPLE;;10/11/2025;PESOS
2051;MONOPATIN DISEŃOS C/LUZ REFORZADO SV-4;;JUGUETERIA;JUGUETES;21;2051;23313,22;23313,22;IMPOTEKNO;S;S;SIMPLE;;11/8/2025;PESOS
723540564404;BALANZA DE BAŃO PERSONAJES;;JUGUETERIA;JUGUETES;21;723540564404;7540;7540;;S;S;SIMPLE;;11/8/2025;PESOS
83042;PROYECTOR ASTRONAUTA SENTADO CON GUITARRA;;JUGUETERIA;JUGUETES;21;83042, 714604235903;9917,36;9917,36;DISTRIBUIDORA ORION, JOSE;S;S;SIMPLE;;15/8/2025;PESOS
CF248ACOMP;TONER GLOBAL HP CF248A CON CHIP;;INSUMOS DE IMPRESION;TONERS ALTERNATIVOS;21;CF248ACOMP;8348;8348;JCK, JUAN;S;S;SIMPLE;;11/7/2025;PESOS
6935482113761;TONER ALTERNATIVO GNEISS HP W 105A SIN CHIP;;INSUMOS DE IMPRESION;TONERS ALTERNATIVOS;21;6935482113761;6257,85;6257,85;TODOINSUMOS;S;S;SIMPLE;;30/5/2025;PESOS
0198155192883;"NOTEBOOK LENOVO IP SLIM 3 15AMN8 15.6"" AMD R5-8GB+512GB W11H + MALETIN DE REGALO - SN: PF56ZXS2 - GTIA 12M";;COMPUTADORAS;NOTEBOOKS;10,5;0198155192883;626500;626500;;S;S;SIMPLE;;22/4/2025;PESOS
091163259251;TECLADO NUMERICO GENIUS NUMPAD 110 USB;;TECLADOS;USB ALAMBRICO;10,5;091163259251, 4710268259251;8784,6;8784,6;TECNOPRICES;S;S;SIMPLE;;6/6/2025;PESOS
15046;FUENTE LNZ 550W XS550-PS +12V 32A 1X24PINES 1X4PINES 3XSATA 2XMOLEX;;ACCESORIOS;DE PC;21;15046;15120;15120;TECNOPRICES;S;S;SIMPLE;;6/6/2025;PESOS
6920620009044;CARTUCHO GTC P/ EPSON T731 NEGRO 13ML;;INSUMOS DE IMPRESION;CARTUCHOS ALTERNATIVOS EPSON;10,5;6920620009044;1620;1620;TECNOPRICES;S;S;SIMPLE;;6/6/2025;PESOS
6920620009068;CARTUCHO GTC P/ EPSON T732 CYAN 13ML;;INSUMOS DE IMPRESION;CARTUCHOS ALTERNATIVOS EPSON;10,5;6920620009068;2688;2688;JCK, JUAN;S;S;SIMPLE;;27/6/2025;PESOS
4049;CARRY DISK 2.5 SATA USB 2.0 CABLE NEGRO;;ACCESORIOS;DE PC;10,5;4049, 6936103601023;5921,49;5921,49;TECNOPRICES;S;S;SIMPLE;;20/3/2025;PESOS
7796728000998;CARTUCHO GTC HP 664XL NEGRO;;INSUMOS DE IMPRESION;CARTUCHOS ALTERNATIVOS HP;10,5;7796728000998;14365,29;14365,29;TECNOPRICES;S;S;SIMPLE;;20/3/2025;PESOS
7796728001001;CARTUCHO GTC HP 664XL COLOR;;INSUMOS DE IMPRESION;CARTUCHOS ALTERNATIVOS HP;10,5;7796728001001;15619,83;15619,83;TECNOPRICES;S;S;SIMPLE;;20/3/2025;PESOS
7908842833806;KIT TECLADO + MOUSE MULTILASER TC309 USB MOUSE 1200DPI CABLE 1.2MTS TECLADO 105 TECLAS CABLE 1.2MTS ESPANOL NEGRO;;TECLADOS;COMBOS;10,5;7908842833806;4669,42;4669,42;TECNOPRICES;S;S;SIMPLE;;20/3/2025;PESOS
7908414459038;TECLADO MULTILASER GK-120 TC504 CON CABLE USB 1.5MTS CON SOPORTE PARA TELEFONO - ESPANOL - GAMER;;TECLADOS;GAMER;10,5;7908414459038;4735,54;4735,54;TECNOPRICES;S;S;SIMPLE;;20/3/2025;PESOS
7908414459052;TECLADO MULTILASER GK-500 CON CABLE USB 1.5MTS RAINBOW MECANICO SWITCH AZUL 26 TECLAS ANTI GHOSTING - ESPANOL - GAMER;;TECLADOS;GAMER;10,5;7908414459052;15854;15853,72;TECNOPRICES;S;S;SIMPLE;;20/3/2025;PESOS
1823;ADAPTADOR BLUETOOTH 5.0 USB EN BOLSA;;ACCESORIOS;DE PC;10,5;1823;3322,31;3322,31;TECNOPRICES;S;S;SIMPLE;;20/3/2025;PESOS
649528821553;DISCO SOLIDO SSD 1TB 2.5 SATA III CRUCIAL BX500;;ALMACENAMIENTO;DISCOS SOLIDOS;10,5;649528821553;54916,53;54916,53;TECNOPRICES;S;S;SIMPLE;;20/3/2025;PESOS
700306605205;CARRY DISK 2.5 SATA USB 2.0 NETMAK NM-CASE-2 CAJA PLASTICA - INCLUYE CABLE MINIUSB;;ACCESORIOS;DE PC;10,5;700306605205;4132,23;4132,23;TECNOPRICES;S;S;SIMPLE;;20/3/2025;PESOS
11080904616010;CABEZAL 220V MODX-616 “EXTREME” – 6,2A – 1USB + 2TC – XAEA – BLANCO;;CARGADORES;DE PARED;21;11080904616010;9669,42;9669,42;ONLY DISTRIBUIDORA;S;S;SIMPLE;;10/9/2025;PESOS
1113080410406;CABLE USB LIGHTNING MODX-104 - ZEUS - XAEA - VERDE;;CABLES Y ADAPTADORES;LITGHTNING;21;1113080410406;1694,21;1694,21;ONLY DISTRIBUIDORA;S;S;SIMPLE;;11/9/2025;PESOS
9018;TINTA GNEISS PARA BROTHER BRT50C 50ML CYAN;;INSUMOS DE IMPRESION;TINTAS ALTERNATIVAS BROTHER;21;9018;1620;1619,83;TODOINSUMOS;S;S;SIMPLE;;9/10/2025;PESOS
9019;TINTA GNEISS PARA BROTHER BRT50M 50ML MAGENTA;;INSUMOS DE IMPRESION;TINTAS ALTERNATIVAS BROTHER;21;9019;1620;1619,83;TODOINSUMOS;S;S;SIMPLE;;9/10/2025;PESOS
9020;TINTA GNEISS PARA BROTHER BRT50Y 50ML YELLOW;;INSUMOS DE IMPRESION;TINTAS ALTERNATIVAS BROTHER;21;9020;1620;1619,83;TODOINSUMOS;S;S;SIMPLE;;9/10/2025;PESOS
GN664BXLNC;CARTUCHO GNEISS HP 664XL ALTERNATIVO BLACK;;INSUMOS DE IMPRESION;CARTUCHOS ALTERNATIVOS HP;10,5;GN664BXLNC;20559,28;20559,28;TODOINSUMOS;S;S;SIMPLE;;9/10/2025;PESOS
GN667BXL;CARTUCHO GNEISS HP 667XL ALTERNATIVO BLACK;;INSUMOS DE IMPRESION;CARTUCHOS ALTERNATIVOS HP;10,5;GN667BXL;18775,21;18775,21;TODOINSUMOS;S;S;SIMPLE;;9/10/2025;PESOS
2135;TPU MAGFASE COLOR CELULAR;;ACCESORIOS;DE CELULARES;21;2135;0;0;;S;S;SIMPLE;;;PESOS
2136;TPU MAGFASE COLOR IPHONE;;ACCESORIOS;DE CELULARES;21;2136;4800;4800;DYD;S;S;SIMPLE;;10/4/2025;PESOS
2137;TPU MAGFASE TORNASOLADA CELULAR;;ACCESORIOS;DE CELULARES;21;2137;0;0;;S;S;SIMPLE;;;PESOS
2138;TPU MAGFASE TORNASOLADA IPHONE;;ACCESORIOS;DE CELULARES;21;2138;3500;3500;DYD;S;S;SIMPLE;;9/4/2025;PESOS
2222;LAMINA DE HIDROGEL PARA CELULAR;;ACCESORIOS;DE CELULARES;21;2222;1200;1200;;S;S;SIMPLE;;30/4/2025;PESOS
2140;TPU TRANSPARENTE CRISTAL XAEA CELULAR;;ACCESORIOS;DE CELULARES;21;2140;2575;2575;ONLY DISTRIBUIDORA;S;S;SIMPLE;;10/4/2025;PESOS
2223;LAMINA DE HIDROGEL PARA TABLET;;ACCESORIOS;DE CELULARES;21;2223;1700;1700;;S;S;SIMPLE;;30/4/2025;PESOS
2224;LAMINA DE HIDROGEL PARA SMARTWATCH;;ACCESORIOS;DE CELULARES;21;2224;1200;1200;;S;S;SIMPLE;;30/4/2025;PESOS
1113090410341;CABLE USB TIPO C MODX-103 - ZEUS - XAEA - MARRON;;CABLES Y ADAPTADORES;TIPO C;21;1113090410341;1735,54;1735,54;ONLY DISTRIBUIDORA;S;S;SIMPLE;;10/9/2025;PESOS
1145029477302;SMARTWATCH WATCH 4 PRO - NEGRO;;RELOJES SMART;SMARTWATCH;21;1145029477302;13214,88;13214,88;ONLY DISTRIBUIDORA;S;S;SIMPLE;;10/9/2025;PESOS
1124110197796;MOUSE PAD ONLY - MODO-977 - DISEŃOS VARIOS;;ACCESORIOS;DE PC;21;1124110197796, 1124110197798, 1124110197797, 1124110197795, 1124110197799;1711;1710,74;ONLY DISTRIBUIDORA;S;S;SIMPLE;;10/9/2025;PESOS
1113090410104;CABLE USB TIPO C MODX-101 - HERA - XAEA - AZUL;;CABLES Y ADAPTADORES;TIPO C;21;1113090410104;1917,36;1917,36;ONLY DISTRIBUIDORA;S;S;SIMPLE;;10/9/2025;PESOS
1126010410702;PARLANTE 3 MODX-107 - XAEA - NEGRO;;AUDIO;PARLANTES;21;1126010410702;7133,06;7133,06;ONLY DISTRIBUIDORA;S;S;SIMPLE;;10/9/2025;PESOS
1126010410704;PARLANTE 3 MODX-107 - XAEA - AZUL;;AUDIO;PARLANTES;21;1126010410704;7133,06;7133,06;ONLY DISTRIBUIDORA;S;S;SIMPLE;;10/9/2025;PESOS
1126010410708;PARLANTE 3 MODX-107 - XAEA - VIOLETA;;AUDIO;PARLANTES;21;1126010410708;7133,06;7133,06;ONLY DISTRIBUIDORA;S;S;SIMPLE;;10/9/2025;PESOS
1104010170602;AURICULAR BT MODO-706 CROWS - ONLY - NEGRO;;AUDIO;AURICULARES;21;1104010170602;5719,01;5719,01;ONLY DISTRIBUIDORA;S;S;SIMPLE;;10/9/2025;PESOS
1113070112801;CABLE USB TIPO C MODO-128 LAIT - ONLY - BLANCO;;CABLES Y ADAPTADORES;TIPO C;21;1113070112801;859,5;859,5;ONLY DISTRIBUIDORA;S;S;SIMPLE;;10/9/2025;PESOS
1113090114101;CABLE TIPO C A TIPO C MODO141 SYNC-C – ONLY – BLANCO;;CABLES Y ADAPTADORES;TIPO C;21;1113090114101;1008,26;1008,26;ONLY DISTRIBUIDORA;S;S;SIMPLE;;27/10/2025;PESOS
1113090410310;CABLE USB TIPO C MODX-103 - ZEUS - XAEA - PLATEADO;;CABLES Y ADAPTADORES;TIPO C;21;1113090410310;1578,51;1578,51;ONLY DISTRIBUIDORA;S;S;SIMPLE;;27/10/2025;PESOS
1304007;CABLE HDMI FULL HD GOMA 3M;;CABLES Y ADAPTADORES;HDMI;21;1304007;2016,53;2016,53;ONLY DISTRIBUIDORA;S;S;SIMPLE;;10/9/2025;PESOS
1109040111102;AURICULARES MANOS LIBRES MODO-111 VIPER TWS - ONLY - NEGRO;;AUDIO;AURICULARES;21;1109040111102;8000;8000;ONLY DISTRIBUIDORA;S;S;SIMPLE;;10/9/2025;PESOS
5000252100980;PILAS AUDIFONO 312 RAYOVAC;;PILAS;AUDIFONOS;21;5000252100980;3550,32;3550,32;PINTOS SCHMIDT, ALDANA MARCELA;S;S;SIMPLE;;28/5/2025;PESOS
4898338012354;PILA LITIO CR123A VINNIC - BLISTER X UNIDAD;;PILAS;LITIO;21;4898338012354;2267,11;2267,11;PINTOS SCHMIDT, ALDANA MARCELA;S;S;SIMPLE;;28/5/2025;PESOS
4902580131401;PILA MAXELL LR44 BOTON X UNIDAD;;PILAS;ALCALINAS;21;4902580131401;292,05;292,05;PINTOS SCHMIDT, ALDANA MARCELA;S;S;SIMPLE;;28/5/2025;PESOS
5000252100966;PILAS AUDIFONO RAYOVAC 10 - BLISTER X 8;;PILAS;AUDIFONOS;21;5000252100966;3550,32;3550,32;PINTOS SCHMIDT, ALDANA MARCELA;S;S;SIMPLE;;28/5/2025;PESOS
96178218;PILAS AUDIFONO RAYOVAC 675 - BLISTER X 8;;PILAS;AUDIFONOS;21;96178218;3826,98;3826,98;PINTOS SCHMIDT, ALDANA MARCELA;S;S;SIMPLE;;28/5/2025;PESOS
4898338012415;PILA CR2 VINNIC LITHIUM - BLISTER X UNIDAD;;PILAS;LITIO;21;4898338012415;2036,52;2036,52;PINTOS SCHMIDT, ALDANA MARCELA;S;S;SIMPLE;;28/5/2025;PESOS
4898338008265;PILAS VINNIC LR43 - VENTA X UNIDAD;;PILAS;ALCALINAS;21;4898338008265;97,21;97,21;PINTOS SCHMIDT, ALDANA MARCELA;S;S;SIMPLE;;28/5/2025;PESOS
1126030101200;PARLANTE 6,5 - MODO-012 CARNIVAL - ONLY;;AUDIO;PARLANTES;21;1126030101200;12809,92;12809,92;ONLY DISTRIBUIDORA;S;S;SIMPLE;;12/9/2025;PESOS
2139;TPU TRANSPARENTE SMOKE COLOR CELULAR;;ACCESORIOS;DE CELULARES;21;2139;1860;1860;ONLY DISTRIBUIDORA;S;S;SIMPLE;;10/4/2025;PESOS
3058;PARLANTE 3 - MODO-022 HEAT - ONLY - GRIS;;AUDIO;PARLANTES;21;3058;4793,39;4793,39;ONLY DISTRIBUIDORA;S;S;SIMPLE;;11/9/2025;PESOS
4713218461179;DISCO SSD ADATA 480GB BLISTER;;ALMACENAMIENTO;DISCOS SOLIDOS;10,5;4713218461179;38645;38645;GRUPO NUCLEO, ANGEL;S;S;SIMPLE;;7/10/2025;PESOS
6974202726638;PEN DRIVE HIKSEMI 32GB M210S PULLY USB 3.0;;ALMACENAMIENTO;PENDRIVES;21;6974202726638;5440;5440,5;INVID COMPUTERS;S;S;SIMPLE;;7/10/2025;PESOS
6974202725556;DISCO SSD HIKSEMI 240GB WAVE SATA;;ALMACENAMIENTO;DISCOS SOLIDOS;10,5;6974202725556;22780;22780;INVID COMPUTERS;S;S;SIMPLE;;7/10/2025;PESOS
6920620009051;CARTUCHO GTC EPSON T734 AMARILLO;;INSUMOS DE IMPRESION;CARTUCHOS ALTERNATIVOS EPSON;21;6920620009051;2454,74;2454,74;JCK, JUAN;S;S;SIMPLE;;27/6/2025;PESOS
19337;SMARTWATCH ZEBLAZE BTALK 3 PRO ACELEROMETRO GIROCOPIO FRECUENCIA CARDIACA SATURACION DE OXIGENO EN SANGRE OXIMETRO DE PULSO IP68 260MAH BLUETOOTH 5.2 PANTALLA 1.3 PULGADAS;;RELOJES SMART;SMARTWATCH;10,5;19337;32769,19;32769,19;TECNOPRICES;S;S;SIMPLE;;18/6/2025;PESOS
8436032296081;MOUSE SOLARMAX WM302B 2 EN 1 INALAMBRICO Y BLUETOOTH 1600DPI BATERIA INTERNA RECARGABLE INCLUYE CABLE TIPO C NEGRO;;MOUSE;INALAMBRICO;10,5;8436032296081;3816,11;3816,11;TECNOPRICES;S;S;SIMPLE;;9/5/2025;PESOS
085854226684;FUNDA TABLET CASE LOGIC RIGIDA QTS-207 BLACK;;ACCESORIOS;DE TABLETS;21;085854226684;14950;14950;TODOINSUMOS;S;S;SIMPLE;;21/4/2025;PESOS
7792641880259;CABLE NETMAK 2 RCA A PLUG 3.5MM - NM-C25 1,5 MTS;;CABLES Y ADAPTADORES;AUDIO;21;7792641880259;961,22;961,22;JCK, JUAN;S;S;SIMPLE;;10/4/2025;PESOS
2077;LAMPARA KOSMO CON CARGADOR INALAMBRICO QI Y LAPICERO - LAMP07;;ILUMINACION;LAMPARA LED;21;2077;19505;19505;JCK, JUAN;S;S;SIMPLE;;10/4/2025;PESOS
1113080113801;CABLE ONLY USB LIGHTNING MODO-138 LAIT BLANCO;;CABLES Y ADAPTADORES;LITGHTNING;21;1113080113801;818,18;818,18;ONLY DISTRIBUIDORA;S;S;SIMPLE;;27/5/2025;PESOS
11080904C010123;CABEZAL XAEA 220V MODX-C015 “INTENSIFY” – 1USB/1TC;;CARGADORES;USB C - 220V;21;11080904C010123;2322,31;2322,31;ONLY DISTRIBUIDORA;S;S;SIMPLE;;27/5/2025;PESOS
1247;CABLE USB A TIPO C OEM - BLANCO;;CABLES Y ADAPTADORES;TIPO C;21;1247;1500;1500;;S;S;SIMPLE;;24/4/2025;PESOS
956;FUNDA SIGNOTECH 15.4-16 BOLSILLO BLACK;;ACCESORIOS;DE NOTEBOOKS;21;956;8901,97;8901,97;TODOINSUMOS;S;S;SIMPLE;;11/4/2025;PESOS
619659069193;PENDRIVE SANDISK 32GB CRUZER BLADE NEGRO;;ALMACENAMIENTO;PENDRIVES;21;619659069193;4978,51;4978,51;IMPOTEKNO;S;S;SIMPLE;;3/4/2025;PESOS
1104010470402;AURICULAR XAEA MODX-704 ZYFER - NEGRO;;AUDIO;AURICULARES;10,5;1104010470402;25158,37;25158,37;ONLY DISTRIBUIDORA;S;S;SIMPLE;;27/5/2025;PESOS
112404019;MOUSE ONLY WIRELESS MOD QX-X1 – NEGRO;;MOUSE;INALAMBRICO;10,5;112404019;2570,14;2570,14;ONLY DISTRIBUIDORA;S;S;SIMPLE;;27/5/2025;PESOS
8806097058779;SAMSUNG A36 5G 8GB+256GB LAVANDA (-20% OFF);;CELULARES;SMARTPHONES;21;8806097058779;355206,5;355206,5;DIEGO COZZO, DIEGO;S;S;SIMPLE;;12/9/2025;PESOS
840023281716;MOTO G05 4GB + 128GB FOREST GREEN (-20% OFF);;CELULARES;SMARTPHONES;21;840023281716;109917,5;109917,5;DIEGO COZZO, DIEGO;S;S;SIMPLE;;12/9/2025;PESOS
840023285134;MOTO G35 5G 8GB + 256GB SAGE GREEN (-20% OFF);;CELULARES;SMARTPHONES;21;840023285134;179338,5;179338,5;DIEGO COZZO, DIEGO;S;S;SIMPLE;;12/9/2025;PESOS
840023276057;MOTO G85 5G 8GB + 256GB URBAN GREY (-20% OFF);;CELULARES;SMARTPHONES;21;840023276057;241818;241818;DIEGO COZZO, DIEGO;S;S;SIMPLE;;12/9/2025;PESOS
11260200055;PARLANTE 8 - MOD FS-802 - CANCUN;;AUDIO;PARLANTES;21;11260200055;28016,53;28016,53;ONLY DISTRIBUIDORA;S;S;SIMPLE;;12/9/2025;PESOS
840023257308;MOTO G24 POWER 8GB + 256GB AZUL;;CELULARES;SMARTPHONES;21;840023257308;146776,86;146776,86;DIEGO COZZO, DIEGO;S;S;SIMPLE;;4/6/2025;PESOS
5055374709832;AURICULAR IN-EAR MOTOROLA BUDS 2S BLACK;;AUDIO;AURICULARES;21;5055374709832;5081,62;5081,62;ITECOM - XIUN;S;S;SIMPLE;;8/5/2025;PESOS
110601028;SOPORTE PARA AUTO CON SOPAPA – MOD 40 “GYRO”;;ACCESORIOS;DE AUTO;21;110601028;1380,17;1380,17;ONLY DISTRIBUIDORA;S;S;SIMPLE;;27/5/2025;PESOS
1104010470301;AURICULARES XAEA MODX-703 “RADIANCE” - BLANCO;;AUDIO;AURICULARES;10,5;1104010470301;24923,08;24923,08;ONLY DISTRIBUIDORA;S;S;SIMPLE;;27/5/2025;PESOS
19051;DISCO SOLIDO SSD 256GB M2 GOLDEN INTERFACE SATA 3.1 6GB LECTURA HASTA 500MB Y ESCRITURA HASTA 500MB;;ALMACENAMIENTO;DISCOS SOLIDOS;10,5;19051;19642,59;19642,59;TECNOPRICES;S;S;SIMPLE;;9/5/2025;PESOS
110733088;CABLE USB MOD118 ECO LISO 2 – ONLY – V8 – NEGRO;;CABLES Y ADAPTADORES;MICRO USB - V8;21;110733088;752,07;752,07;ONLY DISTRIBUIDORA;S;S;SIMPLE;;11/4/2025;PESOS
1113090895002;CABLE USB TIPO C MOD950 - NEGRO;;CABLES Y ADAPTADORES;TIPO C;21;1113090895002;723;723,14;ONLY DISTRIBUIDORA;S;S;SIMPLE;;27/10/2025;PESOS
5055374709962;AURICULAR PLEGABLE MOTOROLA XT220 BLUETOOTH & JACK 3.5MM COLOR NEGRO;;AUDIO;AURICULARES;21;5055374709962;34352,5;34352,5;ITECOM - XIUN;S;S;SIMPLE;;8/5/2025;PESOS
840023288678;MOTO G15 4GB + 128GB VERDE;;CELULARES;SMARTPHONES;21;840023288678;123966,94;123966,94;DIEGO COZZO, DIEGO;S;S;SIMPLE;;4/6/2025;PESOS
8806095549552;SAMSUNG A35 5G 8GB + 256GB AZUL OSCURO;;CELULARES;SMARTPHONES;21;8806095549552;293553,72;293553,72;DIEGO COZZO, DIEGO;S;S;SIMPLE;;4/6/2025;PESOS
0742832292160;MOUSE RAPTOR STORM GRIP 4 BOTONES 3600DPI 7 COLORES;;MOUSE;USB ALAMBRICO;10,5;0742832292160;4300,45;4300,45;INVID COMPUTERS;S;S;SIMPLE;;30/5/2025;PESOS
700306605793;NETMAK NM-ATHLET AURICULAR BLUETOOTH OWS OPEN WIRELESS STEREO;;AUDIO;AURICULARES;21;700306605793;16368;16368;JCK, JUAN;S;S;SIMPLE;;29/4/2025;PESOS
11080808504020;CARGADOR 12V “GEAR” MOD-504 – 1 USB Y 1 TIPO C – XAEA – NEGRO;;CARGADORES;USB C - 12V;21;11080808504020;1843;1842,98;ONLY DISTRIBUIDORA;S;S;SIMPLE;;13/10/2025;PESOS
110809010180121;CABEZAL 220V MODO-018 4.8A – RUSH – 1USB – ONLY – BLANCO;;CARGADORES;DE PARED;21;110809010180121;1421;1421,49;ONLY DISTRIBUIDORA;S;S;SIMPLE;;13/10/2025;PESOS
700306606578;MICROFONO NETMAK NM-MC7 PLUG 6.5MM CON ADAPTADOR A 3.5MM UNIDIRECCIONAL CABLE 2.5M;;AUDIO;MICROFONOS;21;700306606578;5405;5404,96;TECNOPRICES;S;S;SIMPLE;;13/10/2025;PESOS
7798137707109;AURICULAR VINCHA NOGANET NGV-400 ROJO CABLE 1.5 MTS CON MICROFONO 2 PLUG 3.5MM ROSA Y VERDE;;AUDIO;AURICULARES;21;7798137707109;5595;5595,04;TECNOPRICES;S;S;SIMPLE;;13/10/2025;PESOS
112404010;MOUSE WIRELESS MOD Q5 – ONLY – NEGRO;;MOUSE;INALAMBRICO;21;112404010;2867,77;2867,77;ONLY DISTRIBUIDORA;S;S;SIMPLE;;27/5/2025;PESOS
840023268816;MOTO G04S 4GB + 128GB NEGRO;;CELULARES;SMARTPHONES;21;840023268816;98181,81;98181,81;DIEGO COZZO, DIEGO;S;S;SIMPLE;;13/6/2025;PESOS
110805010060201;CARGADOR ONLY 220V MOD600 - 6A - 1USB + CABLE TIPO C NEGRO;;CARGADORES;USB C - 220V;21;110805010060201;2413,22;2413,22;ONLY DISTRIBUIDORA;S;S;SIMPLE;;10/9/2025;PESOS
6957939000325;PLACA DE RED WIFI USB MERCUSYS MW150US 150MB 2.4GHZ NANO;;CONECTIVIDAD;PLACA DE RED;21;6957939000325;4500;4500;TECNOPRICES;S;S;SIMPLE;;12/9/2025;PESOS
10020630350;AURICULAR ONLY P15 BT MOD63-22 GRIS/ROJO;;AUDIO;AURICULARES;21;10020630350;7388,43;7388,43;ONLY DISTRIBUIDORA;S;S;SIMPLE;;11/4/2025;PESOS
110805010180101;CARGADOR ONLY 220V MOD430 - 4.8A - 1USB + CABLE TIPO C BLANCO;;CARGADORES;USB C - 220V;21;110805010180101;1619,83;1619,83;ONLY DISTRIBUIDORA;S;S;SIMPLE;;11/4/2025;PESOS
110805010180201;CARGADOR ONLY 220V MOD430 - 4.8A - 1USB + CABLE TIPO C NEGRO;;CARGADORES;USB C - 220V;21;110805010180201;1619,83;1619,83;ONLY DISTRIBUIDORA;S;S;SIMPLE;;11/4/2025;PESOS
6954774700236;AURICULAR BLUETOOTH MOD700 KIDS – CON OREJAS Y LUCES – ROSA;;AUDIO;AURICULARES;21;6954774700236;7768,6;7768,6;ONLY DISTRIBUIDORA;S;S;SIMPLE;;11/4/2025;PESOS
7798383572704;CABLE SOUL USB A LIGHTNING 2.4A 1M;;CABLES Y ADAPTADORES;LITGHTNING;21;7798383572704;2645;2645;SIN PROVEEDOR;S;S;SIMPLE;;12/9/2025;PESOS
6935364088064;ANTENA MERCUSYS ADAPTADOR WIFI USB PLACA DE RED AC650 DUAL BAND;;CONECTIVIDAD;ADAPTADOR WIFI USB;10,5;6935364088064;11270;11270;TECNOPRICES;S;S;SIMPLE;;25/3/2025;PESOS
20525;CARGADOR TABLET 5V 1A 2.5X0.7MM PIN FINO TITAN EURO COBY ALTERNATIVO PATAS RECTAS;;CARGADORES;DE PARED;21;20525;5000;5000;TECNOPRICES;S;S;SIMPLE;;11/11/2025;PESOS
6908648002094;PARLANTE DE DUCHA BLUETOOTH;;AUDIO;PARLANTES;10,5;6908648002094;4545;4545,45;DISTRIBUIDORA ORION, JOSE;S;S;SIMPLE;;14/10/2025;PESOS
7798137725882;AURICULARES NOGA WIRELESS BT STEREO EARBUDS TACTIL BTWINS 50 BLANCO;;AUDIO;AURICULARES;10,5;7798137725882;9008;9008,26;DISTRIBUIDORA ORION, JOSE;S;S;SIMPLE;;14/10/2025;PESOS
7798137725875;AURICULARES NOGA WIRELESS BT STEREO EARBUDS TACTIL BTWINS 50 NEGRO;;AUDIO;AURICULARES;10,5;7798137725875;9008;9008,26;DISTRIBUIDORA ORION, JOSE;S;S;SIMPLE;;14/10/2025;PESOS
6933863822097;AURICULARES BT VINCHA C-2235;;AUDIO;AURICULARES;10,5;6933863822097;11488;11487,6;DISTRIBUIDORA ORION, JOSE;S;S;SIMPLE;;14/10/2025;PESOS
3001;PARLANTE PORTATIL BLUETOOTH J-IPOK P171 INALAMBRICO;;AUDIO;PARLANTES;21;3001;10744;10743,8;DISTRIBUIDORA ORION, JOSE;S;S;SIMPLE;;14/10/2025;PESOS
6950676214789;PADMOUSE GAMER HAVIT GAMENOTE HV-MP861 DE GOMA XL 30CM X 70;;ACCESORIOS;DE PC;21;6950676214789;5372;5371,9;DISTRIBUIDORA ORION, JOSE;S;S;SIMPLE;;14/10/2025;PESOS
11082408721010;POWER BANK 5000 MAH “VOLTRIX” – XAEA 25W;;CARGADORES;POWER BANK;21;11082408721010;7678;7677,69;ONLY DISTRIBUIDORA;S;S;SIMPLE;;27/10/2025;PESOS
7798137723512;PLACA DE SONIDO USB NOGANET HE-282 7.1;;ACCESORIOS;DE NOTEBOOKS;10,5;7798137723512;3223,8;3223,8;TECNOPRICES;S;S;SIMPLE;;6/6/2025;PESOS
08OT04000R002;PARLANTE GAMER C/MAG SAFE “MINI BLAST” – XAEA – NEGRO;;AUDIO;PARLANTES;21;08OT04000R002;5430;5429,75;ONLY DISTRIBUIDORA;S;S;SIMPLE;;27/10/2025;PESOS
094G04000J002;CARGADOR INALAMBRICO/HOLDER MAGNETICO MOD-HT555 – NEGRO;;ACCESORIOS;DE AUTO;21;094G04000J002;14281;14280,99;ONLY DISTRIBUIDORA;S;S;SIMPLE;;27/10/2025;PESOS
1145029477402;SMART WATCH MODS-774 – SU 30 – NEGRO;;RELOJES SMART;SMARTWATCH;10,5;1145029477402;14036;14036,2;ONLY DISTRIBUIDORA;S;S;SIMPLE;;27/10/2025;PESOS
1145029477420;SMART WATCH MODS-774 – SU 30 – PLATEADO;;RELOJES SMART;SMARTWATCH;10,5;1145029477420;14036;14036,2;ONLY DISTRIBUIDORA;S;S;SIMPLE;;27/10/2025;PESOS
1145029477405;SMART WATCH MODS-774 – SU 30 – ROSA;;RELOJES SMART;SMARTWATCH;10,5;1145029477405;14036;14036,2;ONLY DISTRIBUIDORA;S;S;SIMPLE;;27/10/2025;PESOS
1145029475910;SMART WATCH GT4 – MOD-759 – PLATEADO;;RELOJES SMART;SMARTWATCH;10,5;1145029475910;14950;14950,41;ONLY DISTRIBUIDORA;S;S;SIMPLE;;27/10/2025;PESOS
1104010170601;"AURICULAR BLUETOOTH MOD.706 ""CROWS"" - XAEA - VERDE";;AUDIO;AURICULARES;21;1104010170601;5909;5909,09;ONLY DISTRIBUIDORA;S;S;SIMPLE;;27/10/2025;PESOS
7798137382757;JOYSTICK NOGANET NG-3004 PS2 NEGRO;;CONSOLAS;JOYSTICKS;21;7798137382757;9865,8;9865,8;TECNOPRICES;S;S;SIMPLE;;6/6/2025;PESOS
1126010410002;PARLANTE 2” MODX-100 – “FISSION” – XAEA – NEGRO;;AUDIO;PARLANTES;21;1126010410002;3669;3669,42;ONLY DISTRIBUIDORA;S;S;SIMPLE;;27/10/2025;PESOS
08OT04000P002;PARLANTE DOBLE “DUAL STORM” – XAEA;;AUDIO;PARLANTES;21;08OT04000P002;13636;13636,36;ONLY DISTRIBUIDORA;S;S;SIMPLE;;27/10/2025;PESOS
3076;PARLANTE 3 PULGADAS “GLOBE” – XAEA;;AUDIO;PARLANTES;21;3076;6810;6809,92;ONLY DISTRIBUIDORA;S;S;SIMPLE;;27/10/2025;PESOS
11081604511010;CARGADOR INALAMBRICO Y LAMPARA DE ESCRITORIO “FLEXA” – BLANCO;;ACCESORIOS;DE CELULARES;21;11081604511010;9851;9851,24;ONLY DISTRIBUIDORA;S;S;SIMPLE;;27/10/2025;PESOS
11081604511020;CARGADOR INALAMBRICO Y LAMPARA DE ESCRITORIO “FLEXA” – NEGRO;;ACCESORIOS;DE CELULARES;21;11081604511020;9851;9851,24;ONLY DISTRIBUIDORA;S;S;SIMPLE;;27/10/2025;PESOS
6920620009389;CARTUCHO GTC EPSON T296 CYAN;;INSUMOS DE IMPRESION;CARTUCHOS ALTERNATIVOS EPSON;10,5;6920620009389;3145;3144,91;TECNOPRICES;S;S;SIMPLE;;12/11/2025;PESOS
6920620044007;CARTUCHO GTC EPSON T296 AMARILLO;;INSUMOS DE IMPRESION;CARTUCHOS ALTERNATIVOS EPSON;10,5;6920620044007;3145;3144,91;TECNOPRICES;S;S;SIMPLE;;12/11/2025;PESOS
6920620009075;CARTUCHO GTC P/ EPSON T733 MAGENTA 13ML;;INSUMOS DE IMPRESION;CARTUCHOS ALTERNATIVOS EPSON;10,5;6920620009075;1937,93;1937,93;TECNOPRICES;S;S;SIMPLE;;12/11/2025;PESOS
6920620009396;CARTUCHO GTC EPSON T296 MAGENTA;;INSUMOS DE IMPRESION;CARTUCHOS ALTERNATIVOS EPSON;10,5;6920620009396;3145;3144,91;TECNOPRICES;S;S;SIMPLE;;12/11/2025;PESOS
6926474634715;CARTUCHO GTC EPSON T197 NEGRO;;INSUMOS DE IMPRESION;CARTUCHOS ALTERNATIVOS EPSON;10,5;6926474634715;2153;2153;TECNOPRICES;S;S;SIMPLE;;12/11/2025;PESOS
6920620009372;CARTUCHO GTC EPSON T297 NEGRO;;INSUMOS DE IMPRESION;CARTUCHOS ALTERNATIVOS EPSON;10,5;6920620009372;3145;3144,91;TECNOPRICES;S;S;SIMPLE;;12/11/2025;PESOS
7798026132012;BATERIA EXTERNA POWERBANK TRV BBP102 10000MAH 2XUSB 2.1A INDICADOR NIVEL DE BATERIA BLANCO ION/LITIO;;CARGADORES;POWER BANK;21;7798026132012;12852,89;12852,89;TECNOPRICES;S;S;SIMPLE;;9/5/2025;PESOS
18057;CONTROL REMOTO GOOGLE CHROMECAST 4 LLEVA 2 PILAS AAA NO INCLUIDAS ALTERNATIVO;;ACCESORIOS;DE TV;21;18057;8142,84;8142,84;TECNOPRICES;S;S;SIMPLE;;7/3/2025;PESOS
18669;PLACA DE RED WIFI USB COMFAST CF-WU811AC 650MBPS DUAL BAND 2.4GHZ 5.8GHZ MINI NANO;;CONECTIVIDAD;ADAPTADOR WIFI USB;21;18669;7580,3;7580,3;TECNOPRICES;S;S;SIMPLE;;7/3/2025;PESOS
7044;CABLE HDMI 1.5 MTS 1080P NO SOPORTA 4K;;CABLES Y ADAPTADORES;HDMI;21;7044;915,2;915,2;TECNOPRICES;S;S;SIMPLE;;7/3/2025;PESOS
6975174668261;CABLE HDMI 1.8 MTS KOLKE 21600P 2.0V 4K ULTRA HD 3D HASTA 60 CUADROS POR SEGUNDO;;CABLES Y ADAPTADORES;HDMI;21;6975174668261;2664,2;2664,2;TECNOPRICES;S;S;SIMPLE;;7/3/2025;PESOS
10694;ADAPTADOR CARGADOR 5.5X2.5MM A 3.5X1.35MM NETBOOK BANGHO TABLET;;CABLES Y ADAPTADORES;TABLET;21;10694;880;880;TECNOPRICES;S;S;SIMPLE;;7/3/2025;PESOS
19382;BATERIA EXTERNA POWERBANK INTCO M100A 10000MAH 1XUSBTIPOC 1XUSB3.0 CARGA RAPIDA 20W 5V 3A 9V 2.22A;;CARGADORES;POWER BANK;21;19382;13008,6;13008,6;TECNOPRICES;S;S;SIMPLE;;9/5/2025;PESOS
19384;MOUSE INTCO RDL-362 CABLE USB RGB ABS 4D HASTA 1600DPI DIMENSIONES 116X62X38MM GAMER;;MOUSE;USB ALAMBRICO;21;19384;2770,54;2770,54;TECNOPRICES;S;S;SIMPLE;;7/3/2025;PESOS
649528787323;DISCO SOLIDO SSD 240GB 2.5 SATA III CRUCIAL BX500 3D NAND SATA;;ALMACENAMIENTO;DISCOS SOLIDOS;21;649528787323;22416,88;22416,88;TECNOPRICES;S;S;SIMPLE;;7/3/2025;PESOS
13814;PLACA DE RED PCI-E 10/100/1000 MBPS GIGABIT;;CONECTIVIDAD;PLACA DE RED;21;13814;5864,54;5864,54;TECNOPRICES;S;S;SIMPLE;;7/3/2025;PESOS
7064;MICROFONO TIME CONDENSER MIC-31009;;AUDIO;MICROFONOS;21;7064;18301,65;18301,65;IMPOTEKNO;S;S;SIMPLE;;17/2/2025;PESOS
5222195812163;CABLE DE RED PATCHCORD CAT 5E 20MTS;;CABLES Y ADAPTADORES;RED;21;5222195812163;1706,61;1706,61;IMPOTEKNO;S;N;SIMPLE;;17/2/2025;PESOS
723540566064;CARGADOR TIME MICROUSB V8 2.1A + CABLE;;CARGADORES;MICRO USB - V8 - 220V;21;723540566064;1005,79;1005,79;IMPOTEKNO;S;N;SIMPLE;;3/4/2025;PESOS
414795120889;ADAPTADOR UNIVERSAL MULTIVOLTAJE TW-003;;CARGADORES;DE PARED;21;414795120889;4152,89;4152,89;IMPOTEKNO;S;N;SIMPLE;;17/2/2025;PESOS
6930149999894;JOYSTICK PC USB U-COM;;CONSOLAS;JOYSTICKS;21;4008;5800;5800;ROCKY ELECTRONICA;S;N;SIMPLE;;9/5/2025;PESOS
812;ADAPTADOR VGA M A HDMI H + SONIDO - ADP-48007;;CABLES Y ADAPTADORES;HDMI;21;812;3285,12;3285,12;IMPOTEKNO;S;S;SIMPLE;;17/2/2025;PESOS
8888021306040;ENERGIZER PILA DE AUDIOLOGIA N° 13 AUDIFONOS AZ312-DPA4 BLISTER X 8U;;PILAS;ALCALINAS;10,5;8888021306040;5474,38;5474,38;JCK, JUAN;S;S;SIMPLE;;29/4/2025;PESOS
0742832292184;RAPTOR GAMER AURICULAR SHADOW CORE RGB 7.1 CANCELACION SONIDO USB 3.5MM;;AUDIO;AURICULARES;21;0742832292184;23316,96;23316,96;JCK, JUAN;S;S;SIMPLE;;29/4/2025;PESOS
198154668891;"TABLET LENOVO TAB 10.1"" WUXGA 4GB+128GB + ESTUCHE TIPO FOLIO";;TABLET;"10"" PULGADAS";10,5;198154668891;207267,51;207267,51;INVID COMPUTERS;S;S;SIMPLE;;19/8/2025;PESOS
742832292092;"NOTEBOOK KELYX 15.6"" FHD AMD RYZEN 3-3200U 8GB M.2 256GB WIN 11 HOME GRIS OSCURO";;COMPUTADORAS;NOTEBOOKS;10,5;742832292092;348638,01;348638,01;INVID COMPUTERS;S;S;SIMPLE;;30/5/2025;PESOS
010343973428;IMPRESORA MULTIFUNCIONAL EPSON ECOTANK L3560 WIFI;;IMPRESORAS;INKJET;21;010343973428;356447,93;356447,93;INVID COMPUTERS;S;S;SIMPLE;;30/5/2025;PESOS
649528940063;MEMORIA UDIMM CRUCIAL BASICS 8GB DDR4 3200MHZ;;ACCESORIOS;DE PC;10,5;649528940063;12026,45;12026,45;GRUPO NUCLEO, ANGEL;S;S;SIMPLE;;27/3/2025;PESOS
7798384610078;TABLET X-VIEW PROTON BEARS MAX 7 32GB 2GB DE MEMORIA RAM;;TABLET;"7"" PULGADAS";10,5;7798384610078;28905,89;28905,89;DYAMON SYSTEM;S;S;SIMPLE;;25/7/2025;PESOS
12872;ADAPTADOR USB TIPO C A USB 3.0 H OTG;;CABLES Y ADAPTADORES;USB;21;12872;2260,33;2260,33;TECNOPRICES;S;S;SIMPLE;;12/5/2025;PESOS
18341;ADAPTADOR MICROUSB M A USB TIPO C H SOLO CARGA Y DATOS EN 2.0;;CABLES Y ADAPTADORES;MICRO USB - V8;21;18341;1209,92;1209,92;TECNOPRICES;S;S;SIMPLE;;10/9/2025;PESOS
6928760169086;AURICULARES INALAMBRICOS DEPORTIVOS CONDUCCION OSEA LENOVO X4;;AUDIO;AURICULARES;10,5;6928760169086;36199,09;36199,09;DIEGO COZZO, DIEGO;S;S;SIMPLE;;13/8/2025;PESOS
723540565920;VINCHA POPPIT GATITO BLUETOOTH;;AUDIO;AURICULARES;21;723540565920;6921,49;6921,49;IMPOTEKNO;S;S;SIMPLE;;19/5/2025;PESOS
2068;LINTERNA LED RECARGABLE 3W 4 FUNCIONES;;ILUMINACION;LINTERNA LED;21;2068;3511,57;3511,57;IMPOTEKNO;S;S;SIMPLE;;19/5/2025;PESOS
4056;POPPIT ELECTRONICO SPEED PUSH PERSONAJES;;JUGUETERIA;JUGUETES;21;4046;3376,04;3376,04;IMPOTEKNO;S;S;SIMPLE;;19/5/2025;PESOS
723540564336;ALMOHADILLA REPOSAMUŃECAS;;ACCESORIOS;DE PC;21;723540564336;4768,6;4768,6;IMPOTEKNO;S;S;SIMPLE;;19/5/2025;PESOS
83038;PIZARRA LED MARCADORES 15X15CM;;JUGUETERIA;JUGUETES;21;83038;5791,74;5791,74;IMPOTEKNO;S;S;SIMPLE;;19/5/2025;PESOS
6951873104577;LINTERNA HYTOSHY LED RECARGABLE USB;;ILUMINACION;LINTERNA LED;21;6951873104577;3305,78;3305,78;IMPOTEKNO;S;S;SIMPLE;;19/5/2025;PESOS
1305;PAD DE ESCRITORIO DISEŃO MELANGE 60X30 CM;;ACCESORIOS;DE PC;21;1305;1862;1862;IMPOTEKNO;S;S;SIMPLE;;19/5/2025;PESOS
82017;TIRA LED 50X50 PARA TV 3M 90LED;;ILUMINACION;TIRA LED;21;82017;3004,14;3004,14;IMPOTEKNO;S;S;SIMPLE;;19/5/2025;PESOS
1124;FUNDA UNIVERSAL SUMERGIBLE PARA CELULARES;;ACCESORIOS;DE CELULARES;21;1124;631;631,4;IMPOTEKNO;S;S;SIMPLE;;10/11/2025;PESOS
6954189230366;MALETIN METALICO KIT DE ARTE DIBUJO 145 PIEZAS PARA NIŃOS;;JUGUETERIA;JUGUETES;21;6954189230366;18852,66;18852,66;IMPOTEKNO;S;S;SIMPLE;;19/5/2025;PESOS
IP13;PROTECTOR E CAMARA PARA IPHNE 13 LISO NEGRO;;ACCESORIOS;DE CELULARES;21;IP13;0;0;;S;S;SIMPLE;;;PESOS
6971664933659;SMARTWATCH HAYLOU SOLAR PLUS RT3 LS16 MIDE PASOS PULSACIONES OXIMETRO SUENO 105 MODOS DEPORTE CONTESTA LLAMADAS BLUETOOTH 5.3 220MAH IP68 466X466 PANTALLA 1.43 PULGADAS NEGRO;;RELOJES SMART;SMARTWATCH;10,5;6971664933659;45630,78;45630,78;TECNOPRICES;S;S;SIMPLE;;18/6/2025;PESOS
097855074126;MOUSE LOGITECH WIR M185 GRIS;;MOUSE;INALAMBRICO;10,5;;8870,59;8870,59;INVID COMPUTERS;S;S;SIMPLE;;19/6/2025;PESOS
0742832292177;MOUSE RAPTOR STORM GRIP 9 BOTONES 8000DPI RETROILUMINADO;;MOUSE;GAMER;10,5;0742832292177;8705,88;8705,88;INVID COMPUTERS;S;S;SIMPLE;;19/6/2025;PESOS
1201;CABLE DE CARGA USB A MICROUSB 1,8M CON FILTRO PARA PS4;;CABLES Y ADAPTADORES;MICRO USB - V8;21;1201;770;770;;S;N;SIMPLE;;18/2/2025;PESOS
903174;FUNDA SIGNOTECH 14 BOLSILLO BLACK;;ACCESORIOS;DE NOTEBOOKS;21;93174;8975,21;8975,21;TODOINSUMOS;S;S;SIMPLE;;2/6/2025;PESOS
6936482100423;TONER ALTERNATIVO PANTUM PB210/211 GNEISS;;INSUMOS DE IMPRESION;TONERS ALTERNATIVOS;21;6936482100423;12396,7;12396,7;TODOINSUMOS;S;S;SIMPLE;;15/8/2025;PESOS
6935482107432;TONER ALTERNATIVO GNEISS HP CF279A;;INSUMOS DE IMPRESION;TONERS ALTERNATIVOS;21;6935482107432;5661,16;5661,16;TODOINSUMOS;S;N;SIMPLE;;11/4/2025;PESOS
100;SERVICIO TECNICO CELULARES;;SERVICIO TECNICO;CELULARES;21;100;0;0;;S;S;SIMPLE;;;PESOS
6920620009112;GTC CARTUCHO ALTERNATIVO EPSON T133 TX125 MAGENTA;;INSUMOS DE IMPRESION;CARTUCHOS ALTERNATIVOS EPSON;10,5;6920620009112;3110,41;3110,41;JCK, JUAN;S;S;SIMPLE;;27/6/2025;PESOS
7798137724977;TECLADO INALAMBRICO NOGA NKB-Q80 AZUL IDIOMA ESPAŃOL;;TECLADOS;INALAMBRICO;10,5;7798137724977;18914,03;18914,03;DISTRIBUIDORA ORION, JOSE;S;S;SIMPLE;;15/8/2025;PESOS
2052;CAMARA KOSMO DE FOTOS INFANTIL PORTATIL CON IMPRESORA;;JUGUETERIA;JUGUETES;21;2052;31818,18;31818,18;DISTRIBUIDORA ORION, JOSE;S;S;SIMPLE;;15/8/2025;PESOS
3002;PARLANTE PORTATIL BLUETOOTH RGB FORMA DE RUEDA;;AUDIO;PARLANTES;21;3002;10330,58;10330,58;DISTRIBUIDORA ORION, JOSE;S;S;SIMPLE;;14/10/2025;PESOS
10680;RECEPTOR AUDIO BT-163 BLUETOOTH - SIN BATERIA SE ALIMENTA POR USB;;CABLES Y ADAPTADORES;AUDIO;10,5;10680;2906,4;2906,4;TECNOPRICES;S;S;SIMPLE;;27/6/2025;PESOS
7790839918852;PARLANTE PORTATIL BLUETOOTH BT-13P IBEK USB/TF/AUX PLAY;;AUDIO;PARLANTES;21;7790839918852;30165,29;30165,29;DISTRIBUIDORA ORION, JOSE;S;S;SIMPLE;;15/8/2025;PESOS
7798026132036;BASE CARGADOR INALAMBRICO TRV WEL201 CARGA RAPIDA 5V 2A 9V 1.8A;;CARGADORES;INALAMBRICO;21;7798026132036;12652,2;12652,2;TECNOPRICES;S;S;SIMPLE;;27/6/2025;PESOS
097855110299;PARLANTES LOGITECH S150 2.4 WATTS USB STEREO NEGRO;;AUDIO;PARLANTES;21;097855110299;17511,12;17511,12;TECNOPRICES;S;S;SIMPLE;;27/6/2025;PESOS
2053;PROYECTOR ASTRONAUTA DE PIE;;JUGUETERIA;JUGUETES;21;2053;13223,14;13223,14;DISTRIBUIDORA ORION, JOSE;S;S;SIMPLE;;15/8/2025;PESOS
7895452660215;CAMARA FOTOS LAMBOTECH INFANTIL DIGITAL RECARGABLE FOTOS MINI;;JUGUETERIA;JUGUETES;21;7895452660215;9504,14;9504,14;DISTRIBUIDORA ORION, JOSE;S;S;SIMPLE;;15/8/2025;PESOS
19163;CONTROL REMOTO TV BOX H96 MAX RK3318 H96 MINI V8 H96 MAX V11 H96 MAX H616 H96 MINI H8 H96 MAX RK3566 MX10 PRO MX10 + T95 X96 HK1 MAX X88 PRO REPRODUCTOR MULTIMEDIA ANDROID;;ACCESORIOS;DE TV;10,5;19163;3675,73;3675,73;TECNOPRICES;S;S;SIMPLE;;15/4/2025;PESOS
19167;CONTROL REMOTO TV BOX T9 T95 T95Q T95N T95 MAX Q+ T95 PLUS HK1 X88 X96 H96 REPRODUCTOR MULTIMEDIA ANDROID;;ACCESORIOS;DE TV;10,5;19167;4447,63;4447,63;TECNOPRICES;S;S;SIMPLE;;15/4/2025;PESOS
7798137389015;CABLE USB EXTENSION ALARGUE 3 MTS - CABLE USB M A USB H;;CABLES Y ADAPTADORES;USB;21;7798137389015;1540;1540;TECNOPRICES;S;S;SIMPLE;;15/4/2025;PESOS
3135;PARLANTE SING-E ZQS3601 BLUETOOTH;;AUDIO;PARLANTES;21;3135;51590;51590;DISTRIBUIDORA ORION, JOSE;S;S;SIMPLE;;29/10/2025;PESOS
3004;PARLANTE MASUYA BLUETOOTH RAUS-63832;;AUDIO;PARLANTES;21;3004;38017;38016,53;DISTRIBUIDORA ORION, JOSE;S;S;SIMPLE;;15/8/2025;PESOS
1145029475906;SMART WATCH GT4 – MOD-759 – VERDE;;RELOJES SMART;SMARTWATCH;10,5;1169029475906;16371;16371;ONLY DISTRIBUIDORA;S;S;SIMPLE;;29/10/2025;PESOS
1701;POP SOCKET INFANTILES;;ACCESORIOS;DE CELULARES;21;1701;2480;0;DYD;S;N;SIMPLE;;;PESOS
7798137725301;ADAPTADOR BLUETOOTH 5.0 USB NOGANET NG-B60;;CONECTIVIDAD;ADAPTADOR BT USB;10,5;7798137725301;3547,8;3547,8;TECNOPRICES;S;S;SIMPLE;;6/6/2025;PESOS
19587;LAPIZ OPTICO STYLUS CELULAR TABLET CAPACITIVO 2 EN 1 CON 2 PUNTAS A BATERIA CARGA POR PUERTO TIPO C INCLUYE CABLE - SOLO ANDROID NO ES COMPATIBLE CON APPLE IPAD;;ACCESORIOS;DE NOTEBOOKS;10,5;19587;7072,8;7072,8;TECNOPRICES;S;S;SIMPLE;;6/6/2025;PESOS
7798137724960;TECLADO INALAMBRICO NOGA NKB-Q80 VIOLETA IDIOMA ESPAŃOL;;TECLADOS;INALAMBRICO;10,5;7798137724960;18914,03;18914,03;DISTRIBUIDORA ORION, JOSE;S;S;SIMPLE;;15/8/2025;PESOS
7798137710543;MICROFONO NOGA NG-MI3308A DINAMICO OMNIDIRECCIONAL;;AUDIO;MICROFONOS;21;7798137710543;9834,71;9834,71;DISTRIBUIDORA ORION, JOSE;S;S;SIMPLE;;15/8/2025;PESOS
7790839918883;PARLANTE PORTATIL BLUETOOTH BT-15P IBEK USB/TF/AUX PLAY;;AUDIO;PARLANTES;21;7790839918883;24380,17;24380,17;DISTRIBUIDORA ORION, JOSE;S;S;SIMPLE;;15/8/2025;PESOS
3003;PARLANTE ORYX BT RIO SP1333;;AUDIO;PARLANTES;21;3003;17768,6;17768,6;DISTRIBUIDORA ORION, JOSE;S;S;SIMPLE;;15/8/2025;PESOS
711719870258L;JOYSTICK INALAMBRICO COMPATIBLE PS4 COLOR LISO;;CONSOLAS;JOYSTICKS;21;4002, 6926556542310;13476;13476,03;IMPOTEKNO;S;N;SIMPLE;;10/11/2025;PESOS
4055;CONSOLA HDMI DE VIDEOJUEGOS LITE GAMESTICK;;CONSOLAS;PORTATILES;21;4055;23140,5;23140,5;DISTRIBUIDORA ORION, JOSE;S;S;SIMPLE;;15/8/2025;PESOS
1233;CABLE USB A FICHA 2.5 X 5.5MM 60CM;;CABLES Y ADAPTADORES;USB;21;1233;2700;2700;SIN PROVEEDOR;S;S;SIMPLE;;5/5/2025;PESOS
6975174669381;ADAPTADOR DISPLAYPORT M A VGA H ALTERNATIVO - NO ES BIDIRECCIONAL;;CABLES Y ADAPTADORES;VGA;21;6975174669381;3175,21;3175,21;TECNOPRICES;S;S;SIMPLE;;6/5/2025;PESOS
9356;FICHA DE RED RJ45 CAT5 METALICA AMP X UNIDAD;;CABLES Y ADAPTADORES;RED;21;9356;138;138;TECNOPRICES;S;S;SIMPLE;;6/5/2025;PESOS
1848;ADAPTADOR DISPLAYPORT M A HDMI H - NO ES BIDIRECCIONAL - 1080P;;CABLES Y ADAPTADORES;HDMI;21;1848;3208,8;3208,8;TECNOPRICES;S;S;SIMPLE;;6/5/2025;PESOS
0742832295482;PAD MOUSE RAPTOR GAMER ULTRA GLIDE ANTIDESLIZANTE IMPERMEABLE XL 900X400X3MM;;ACCESORIOS;DE PC;21;0742832295482;10800;10800;JCK, JUAN;S;S;SIMPLE;;6/5/2025;PESOS
8436032295275;FUENTE SOLARMAX 600W KC-CFA600 COOLER 12CM +12V XXA 20+4PINES 2XMOLEX 2XSATA 1XFLOPPY;;ACCESORIOS;DE PC;21;8436032295275;24315,7;24315,7;TECNOPRICES;S;S;SIMPLE;;6/5/2025;PESOS
1139;"FUNDA TABLET UNIVERSAL TECNOCEL TAB DISEŃO/LISA 10""- 11"" GIRA 360° NEGRO";;ACCESORIOS;DE TABLETS;21;1139;4500;4500;JCK, JUAN;S;S;SIMPLE;;6/5/2025;PESOS
546;CABLE MINI HDMI A HDMI 1.5MTS;;CABLES Y ADAPTADORES;HDMI;21;546;4830;4830;TECNOPRICES;S;S;SIMPLE;;9/9/2025;PESOS
840023258053;MOTOROLA G24 POWER DS 256GB+8GB INK BLUE;;CELULARES;SMARTPHONES;21;840023258053;156921,49;156921,49;ATAXE ELECTRONICA;S;S;SIMPLE;;13/3/2025;PESOS
8806095389790;SAMSUNG GALAXY A15 DS 128GB+6GB BLUE BLACK;;CELULARES;SMARTPHONES;21;8806095389790;178181,82;178181,82;ATAXE ELECTRONICA;S;S;SIMPLE;;13/3/2025;PESOS
6941812706329;XIAOMI REDMI 13C DS 256GB+8GB GLACIAR WHITE;;CELULARES;SMARTPHONES;21;6941812706329;146611,57;146611,57;ITECOM - XIUN;S;S;SIMPLE;;13/3/2025;PESOS
6438409024800;NOKIA 106;;CELULARES;CON TECLADO;21;6438409024800;22363,64;22363,64;CELL STORE;S;S;SIMPLE;;13/3/2025;PESOS
8803821235437;SAMSUNG GT-E1272;;CELULARES;CON TECLADO;21;;24396,69;24396,69;CELL STORE;S;S;SIMPLE;;13/3/2025;PESOS
1283;CABLE HDMI A HDMI M/M 5 MTS MALLADO CON FILTRO;;CABLES Y ADAPTADORES;HDMI;21;1283;2600;2600;IMPOTEKNO;S;S;SIMPLE;;23/6/2025;PESOS
700306604369;NETMAK NM-MAGNUM GAMEPAD JOYSTICK PC/PS3/ANDROID INALAMBRICO;;CONSOLAS;JOYSTICKS;21;700306604369;17299,34;17299,34;JCK, JUAN;S;S;SIMPLE;;23/6/2025;PESOS
700306605861;NETMAK NM-NITRO JOYSTICK GAMEPAD ANDROID BT C/SOPORTE PARA PLAYSTATION 3(PS3), PLAYSTATION 4(PS4), NINTENDO SWITCH, PC Y ANDROID;;CONSOLAS;JOYSTICKS;21;700306605861;15041,65;15041,65;JCK, JUAN;S;S;SIMPLE;;23/6/2025;PESOS
700306604017;NETMAK NM-DASH - JOYSTICK PS3 PC USB LED RGB;;CONSOLAS;JOYSTICKS;21;700306604017;16393,39;16393,39;JCK, JUAN;S;S;SIMPLE;;23/6/2025;PESOS
7792641880266;NETMAK NM-C26 CABLE MINI PLUG 3.5 MM M/M 1.5MTS AUXILIAR AUDIO;;CABLES Y ADAPTADORES;AUDIO;21;7792641880266;631,69;631,69;JCK, JUAN;S;S;SIMPLE;;23/6/2025;PESOS
INKDYEMEPL 504;TINTA GLOBAL EPSON T504 MAGENTA 70ML;;INSUMOS DE IMPRESION;TINTAS ALTERNATIVAS EPSON;21;INKDYEMEPL 504;2005,79;2005,79;JCK, JUAN;S;S;SIMPLE;;13/3/2025;PESOS
INKDYECEPL 504;TINTA GLOBALEPSON T504 CYAN70ML;;INSUMOS DE IMPRESION;TINTAS ALTERNATIVAS EPSON;21;INKDYECEPL 504;2005,79;2005,79;JCK, JUAN;S;S;SIMPLE;;13/3/2025;PESOS
91532410501626;ESTABILIZADOR DE TENSION LYONN 1200VA (800 WATT) TIPO 1ZAPATILLA;;ACCESORIOS;ESTABILIZADORES Y ZAPATILLAS;21;91532410501626;31680,99;31680,99;GRUPO NUCLEO, ANGEL;S;S;SIMPLE;;13/3/2025;PESOS
63122;PC PCBOX AMD RYZEN 3 3200G, 8GB, SSD 240GB, SIN SISTEMA - KIT: TECLADO, MOUSE;;COMPUTADORAS;PC ESCRITORIO;10,5;63122;200161,98;200161,98;GRUPO NUCLEO, ANGEL;S;S;SIMPLE;;13/3/2025;PESOS
101;SERVICIO TECNICO;;ACCESORIOS;DE PC;21;101;0;0;;S;S;SIMPLE;;;PESOS
113001702;MANOS LIBRES MOD1084 – BLANCO;;AUDIO;AURICULARES;21;113001702;1082,64;1082,64;ONLY DISTRIBUIDORA;S;S;SIMPLE;;27/2/2025;PESOS
1109010310150;MANOS LIBRES O-PUSH – MOD31 - BLANCO;;AUDIO;AURICULARES;21;1109010310150;1049,59;1049,59;ONLY DISTRIBUIDORA;S;S;SIMPLE;;27/2/2025;PESOS
1109040110901;MANOS LIBRES BLUETOOTH TWS “RACE” – ONLY – BLANCO;;AUDIO;AURICULARES;21;;7727,27;7727,27;ONLY DISTRIBUIDORA;S;S;SIMPLE;;27/2/2025;PESOS
1109010404500;MANOS LIBRES – MODX-045 THUNDER-C – XAEA;;AUDIO;AURICULARES;21;;2041,32;2041,32;ONLY DISTRIBUIDORA;S;S;SIMPLE;;27/2/2025;PESOS
110805010400112;CARGADOR 220V MODO-040 IMPULSE – 2.1A + CABLE TIPO C;;CARGADORES;USB C - 220V;21;110805010400112;1413,22;1413,22;ONLY DISTRIBUIDORA;S;S;SIMPLE;;27/2/2025;PESOS
110408101;AURICULAR XAEA BLUETOOTH MOD1040 – NEGRO;;AUDIO;AURICULARES;21;110408101;20578,51;20578,51;ONLY DISTRIBUIDORA;S;S;SIMPLE;;27/2/2025;PESOS
11080504C010116;CARGADOR XAEA INTENSIFY - MOD600 2 PUERTOS (USB-USB C) + CABLE USB A TIPO C;;CARGADORES;USB C - 220V;21;11080504C010116;2925,62;2925,62;ONLY DISTRIBUIDORA;S;S;SIMPLE;;11/9/2025;PESOS
1109040110902;MANOS LIBRES BLUETOOTH TWS “RACE” – ONLY – NEGRO;;AUDIO;AURICULARES;21;1109040110902;7727,27;7727,27;ONLY DISTRIBUIDORA;S;S;SIMPLE;;27/2/2025;PESOS
7798026132005;BATERIA EXTERNA POWERBANK TRV BBP103 5000MAH;;CARGADORES;POWER BANK;21;7798026132005;12028;12028;TECNOPRICES;S;S;SIMPLE;;30/10/2025;PESOS
459;SMART TAG;;ACCESORIOS;DE CELULARES;21;459;1000;1000;;S;S;SIMPLE;;30/6/2025;PESOS
3038;PARLANTE GREATNICE PORTATIL BLUETOOTH MICROUSB Y USB MODELO GTS-1732;;AUDIO;PARLANTES;21;3038;3830,58;3830,58;IMPOTEKNO;S;S;SIMPLE;;3/4/2025;PESOS
3039;PARLANTE PORTATIL BLUETOOTH MICROUSB Y USB MODELO KTX-1259;;AUDIO;PARLANTES;21;3039;11983,47;11983,47;IMPOTEKNO;S;S;SIMPLE;;3/4/2025;PESOS
6972400531573;CALCULADORA KARUIDA KK-837B-12;;CALCULADORAS;BASICAS;21;6972400531573;2042,15;2042,15;IMPOTEKNO;S;S;SIMPLE;;3/4/2025;PESOS
6952693500548;PARLANTE G BLUETOOTH CON 2 MICROFONOS;;AUDIO;PARLANTES;21;6952693500548;12222,31;12222,31;IMPOTEKNO;S;S;SIMPLE;;19/5/2025;PESOS
700306605489;NETMAK NM-KB380 TECLADO INALAMBRICO 2.4GHZ + BLUETOOTH;;TECLADOS;INALAMBRICO;10,5;700306605489;16462,81;16462,81;JCK, JUAN;S;S;SIMPLE;;4/4/2025;PESOS
INKDYEYEPL 504;TINTA GLOBAL EPSON T504 AMARILLO 70ML;;INSUMOS DE IMPRESION;TINTAS ALTERNATIVAS EPSON;21;INKDYEYEPL 504, INKDYEYEPL 504;2132,23;2132,23;JCK, JUAN;S;S;SIMPLE;;4/4/2025;PESOS
17822;SMARTBAND C5S BRACELET FITNESS CONTROL DE PASOS PULSACIONES OXIMETRO SUENO CALORIAS CLIMA MODO DEPORTES MENSAJES BLUETOOTH 4.0 90MAH 128X96MPX PANTALLA 0.96 PULGADAS - NO ES TACTIL - NO ES SUMERGIBLE;;RELOJES SMART;SMARTBAND;10,5;17822;11479,34;11479,34;TECNOPRICES;S;S;SIMPLE;;4/4/2025;PESOS
6973037709489;AURICULAR VINCHA LENOVO THINKPLUS TH10 - BLUETOOTH 5.1;;AUDIO;AURICULARES;10,5;6973037709489;24912,17;24912,17;TECNOPRICES;S;S;SIMPLE;;4/4/2025;PESOS
6971664934045;SMARTWATCH HAYLOU SOLAR LITE;;RELOJES SMART;SMARTWATCH;10,5;6971664934045;25497,52;25497,52;TECNOPRICES;S;S;SIMPLE;;4/4/2025;PESOS
6971664935073;SMARTWATCH HAYLOU SOLAR NEO - MODELO HF008;;RELOJES SMART;SMARTWATCH;10,5;6971664935073;25497,52;25497,52;TECNOPRICES;S;S;SIMPLE;;4/4/2025;PESOS
2054;FILAMENTO PLA REPUESTO IMPRESORA LAPIZ 3D;;JUGUETERIA;JUGUETES;21;2054;742,98;742,98;;S;S;SIMPLE;;9/9/2025;PESOS
5055374709818;AURICULAR IN-EAR MOTOROLA BUDS 2S BLANCO;;AUDIO;AURICULARES;21;5055374709818;5081,62;5081,62;ITECOM - XIUN;S;S;SIMPLE;;8/5/2025;PESOS
5055374716236;AURICULARES MOTOROLA INALAMBRICOS BLUETOOTH BUDS 065 BLACK;;AUDIO;AURICULARES;21;5055374716236;26067,09;26067,09;ITECOM - XIUN;S;S;SIMPLE;;8/5/2025;PESOS
751492782249;PENDRIVE 64GB HP V222W MINI NANO METAL USB 2.0;;ALMACENAMIENTO;PENDRIVES;21;751492782249, 4712847094062;5509;5508,8;TECNOPRICES;S;S;SIMPLE;;7/3/2025;PESOS
11628;CONVERSOR RCA H A HDMI H - ADAPTADOR ENTRADA RCA SALIDA HDMI - NO ES BIDIRECCIONAL - CABLE MINIUSB NO INCLUYE TRANSFORMADOR 5V 2A;;CABLES Y ADAPTADORES;AUDIO;10,5;11628;9545;9545;TECNOPRICES;S;S;SIMPLE;;9/9/2025;PESOS
13957;ADAPTADOR PLAYSTATION 2 A HDMI;;CABLES Y ADAPTADORES;HDMI;21;13957;7938;7938;TECNOPRICES;S;S;SIMPLE;;9/9/2025;PESOS
7945;CARGADOR TABLET 5V 2A 2.5X0.7MM PIN FINO TITAN EURO COBY ALTERNATIVO;;CARGADORES;DE PARED;21;7945;4612;4612;TECNOPRICES;S;S;SIMPLE;;9/9/2025;PESOS
1225;CABLE AUXILIAR AUDIO PLUG 3.5 STEREO M/M 3MTS;;CABLES Y ADAPTADORES;AUDIO;21;1225;1118;1118;TECNOPRICES;S;S;SIMPLE;;10/9/2025;PESOS
5482;CABLE CARGADOR TABLET USB A PLUG 5.5X2.5MM;;CABLES Y ADAPTADORES;USB;21;5482;2822,4;2822,4;TECNOPRICES;S;S;SIMPLE;;10/9/2025;PESOS
9612;ADAPTADOR RJ45 H A RJ45 H CAT5 10/100MBPS;;CABLES Y ADAPTADORES;RED;21;9612;277,03;277,03;TECNOPRICES;S;S;SIMPLE;;10/9/2025;PESOS
19696;CAPUCHON PARA FICHA RJ45 XU. AMARILLO;;CABLES Y ADAPTADORES;RED;21;19696;60;60;TECNOPRICES;S;S;SIMPLE;;10/9/2025;PESOS
2069;PROYECTOR ORYX LED SMART ANDROID WIFI BT UHD OR-PRO1;;ACCESORIOS;DE TV;21;2069;51685;51685;IMPOTEKNO;S;S;SIMPLE;;30/9/2025;PESOS
740617298727;MICROSD 512GB CLASE 10 KINGSTON 100MB CON ADAPTADOR A SD;;ALMACENAMIENTO;MEMORIAS MICROSD;21;740617298727;52485;52485;TECNOPRICES;S;S;SIMPLE;;9/5/2025;PESOS
740617298710;MICROSD 256GB CLASE 10 KINGSTON 100MB CON ADAPTADOR A SD;;ALMACENAMIENTO;MEMORIAS MICROSD;21;;23055;23055;TECNOPRICES;S;S;SIMPLE;;9/5/2025;PESOS
840023268823;MOTO G04S 4GB + 128GB VERDE;;CELULARES;SMARTPHONES;21;840023268823;98181,81;98181,81;DIEGO COZZO, DIEGO;S;S;SIMPLE;;13/6/2025;PESOS
840023288654;MOTO G15 4GB + 128GB ORANGE;;CELULARES;SMARTPHONES;21;840023288654;123966,94;123966,94;DIEGO COZZO, DIEGO;S;S;SIMPLE;;4/6/2025;PESOS
8806095827506;SAMSUNG A16 4GB + 128 NEGRO;;CELULARES;SMARTPHONES;21;8806095827506;146776,86;146776,86;DIEGO COZZO, DIEGO;S;S;SIMPLE;;4/6/2025;PESOS
8806095988900;SAMSUNG M55 5G 8GB + 256GB NEGRO;;CELULARES;SMARTPHONES;21;8806095988900;272727,27;272727,27;DIEGO COZZO, DIEGO;S;S;SIMPLE;;4/6/2025;PESOS
840023256356;MOTO G04 4GB + 64GB VERDE;;CELULARES;SMARTPHONES;21;840023256356;93140,5;93140,5;DIEGO COZZO, DIEGO;S;S;SIMPLE;;4/6/2025;PESOS
840023257100;MOTO G04 4GB + 64GB AZUL;;CELULARES;SMARTPHONES;21;840023257100;93140,5;93140,5;DIEGO COZZO, DIEGO;S;S;SIMPLE;;4/6/2025;PESOS
8806095271408;SAMSUNG A05 4GB + 64GB NEGRO;;CELULARES;SMARTPHONES;21;8806095271408;95165,29;95165,29;DIEGO COZZO, DIEGO;S;S;SIMPLE;;4/6/2025;PESOS
11399;ADAPTADOR APPLE LIGHTNING 8 PINES M A JACK 3.5MM H - PARA IPHONE SIN MICROFONO SOLO AUDIO ALTERNATIVO;;CABLES Y ADAPTADORES;IPHONE;21;11399;5295,7;5295,7;TECNOPRICES;S;S;SIMPLE;;23/5/2025;PESOS
19008;SMARTWATCH COLMI P81 CARDIACO SUENO OXIGENO EN SANGRE SATURACION MODO DEPORTIVO CONTESTA LLAMADAS IP68 BLUETOOTH 5.3 BATERIA 300MAH 348X442 PANTALLA 1.9 PULGADAS;;RELOJES SMART;SMARTWATCH;10,5;19008;23377,2;23377,2;TECNOPRICES;S;S;SIMPLE;;23/5/2025;PESOS
19007;SMARTWATCH COLMI P76 CARDIACO SUENO OXIGENO EN SANGRE SATURACION CONTESTA LLAMADAS BATERIA 430MAH BLUETOOTH 5.3 240X282 PANTALLA 1.96 PULGADAS;;RELOJES SMART;SMARTWATCH;21;19007;24245,07;24245,07;TECNOPRICES;S;S;SIMPLE;;23/5/2025;PESOS
7798158088065;FUNDA NOTEBOOK 17 - SIMIL NEOPRENE CON CIERRE NEGRA;;ACCESORIOS;DE NOTEBOOKS;21;7798158088065;9171,25;9171,25;TECNOPRICES;S;S;SIMPLE;;23/5/2025;PESOS
846651017000;MEMORIA SODIMM DDR3-L 4GB 1600MHZ 1.35V LOW POWER NOTEBOOK GOLDEN;;COMPUTADORAS;NOTEBOOKS;10,5;846651017000;5246,28;5246,28;TECNOPRICES;S;S;SIMPLE;;23/5/2025;PESOS
8806097074571;SAMSUNG A26 5G 6GB + 128GB BLACK (-20% OFF);;CELULARES;SMARTPHONES;21;8806097074571;265455;265455;DIEGO COZZO, DIEGO;S;S;SIMPLE;;17/10/2025;PESOS
8806095753010;SAMSUNG A06 4+64GB LIGHT BLUE (20% OFF);;CELULARES;SMARTPHONES;21;8806095753010, 8806095755458;99174;99173,55;MANU MARTIN, MANU;S;S;SIMPLE;;9/9/2025;PESOS
196802843416;"TABLET LENOVO TAB M9 9"" HD 4GB+64GB, FOLIOCASE + FILM ANDROID 12";;TABLET;"9""";10,5;196802843416;165288,75;165288,75;INVID COMPUTERS;S;S;SIMPLE;;19/8/2025;PESOS
6935364089474;ROUTER WIFI TP-LINK ARCHER C24 AC750 DUAL BAND 4 ANTENAS 1 WAN Y 4 LAN 5GHZ 433MBPS 2.4GHZ 300MBPS FUNCION REPETIDOR;;CONECTIVIDAD;ROUTER;10,5;6935364089474;26765;26765;TECNOPRICES;S;S;SIMPLE;;17/9/2025;PESOS
8806095829036;SAMSUNG A16 6GB+128GB BLACK;;CELULARES;SMARTPHONES;21;8806095829036;176462,81;176462,81;DIEGO COZZO, DIEGO;S;S;SIMPLE;;21/8/2025;PESOS
8806095828978;SAMSUNG A16 6GB+128GB LIGHT GREEN;;CELULARES;SMARTPHONES;21;8806095828978;176462,81;176462,81;DIEGO COZZO, DIEGO;S;S;SIMPLE;;21/8/2025;PESOS
8806095828923;SAMSUNG A16 6GB+128GB GREY;;CELULARES;SMARTPHONES;21;8806095828923;176462,81;176462,81;DIEGO COZZO, DIEGO;S;S;SIMPLE;;21/8/2025;PESOS
6935482107647;TONER ALTERNATIVO GNEISS HP CF217A;;INSUMOS DE IMPRESION;TONERS ALTERNATIVOS;21;6935482107647;5640,38;5640,38;TODOINSUMOS;S;S;SIMPLE;;21/8/2025;PESOS
6974202726089;MICROSD HIKSEMI 32GB NEO C/ADA;;ALMACENAMIENTO;MEMORIAS MICROSD;10,5;6974202726089;3234,9;3234,9;INVID COMPUTERS;S;S;SIMPLE;;20/8/2025;PESOS
6908106010005;TONER GTC P/ BROTHER TN1060;;INSUMOS DE IMPRESION;TONERS ALTERNATIVOS;21;;3375;3375;TECNOPRICES;S;S;SIMPLE;;7/11/2025;PESOS
091163259947;PARLANTES GENIUS SP-HF385BT 4 WATTS 2 EN 1 CONEXION POR CABLE Y BLUETOOTH MADERA NEGRO CON GRIS;;AUDIO;PARLANTES;21;091163259947;23733;23732,89;TECNOPRICES;S;S;SIMPLE;;7/11/2025;PESOS
092636336257;MOCHILA TARGUS 15.6 INTELLECT ESSENTIALS 39.6CM 16LT 3 COMPARTIMIENTOS CON CIERRE;;ACCESORIOS;DE NOTEBOOKS;21;092636336257;18413;18412,5;TECNOPRICES;S;S;SIMPLE;;7/11/2025;PESOS
1145029477502;SMART WATCH SU 80 - MODS-775 - NEGRO;;RELOJES SMART;SMARTWATCH;21;1145029477502;12390;12390;ONLY DISTRIBUIDORA;S;S;SIMPLE;;20/10/2025;PESOS
1109040111101;AURICULARES MANOS LIBRES MODO-111 “VIPER” TWS;;AUDIO;AURICULARES;10,5;1109040111101, 1109040111135;8308;8307,69;ONLY DISTRIBUIDORA;S;S;SIMPLE;;27/5/2025;PESOS
097855088741;TECLADO LOGITECH K120 USB NEGRO RESISTENTE A DERRAMES DE AGUA CON CABLE;;TECLADOS;USB ALAMBRICO;10,5;097855088741;11214;11214;TECNOPRICES;S;S;SIMPLE;;21/10/2025;PESOS
2141;FLIP COVER LISO CELULAR;;ACCESORIOS;DE CELULARES;21;2141;2200;2200;DYD;S;S;SIMPLE;;7/11/2025;PESOS
7798137720429;PAD MOUSE NOGA APOYA MUŃECA CON GEL 3D;;ACCESORIOS;DE PC;21;7798137720429;4156;4156;IMPOTEKNO;S;S;SIMPLE;;19/9/2025;PESOS
1312;MOUSE PAD LISO BLACK BIG - 68CM X 30CM;;ACCESORIOS;DE PC;21;1312;4883;4882,64;TODOINSUMOS;S;S;SIMPLE;;19/9/2025;PESOS
A60;LAMPARA LED RGB CON CONTROL A60;;ILUMINACION;LAMPARA LED;21;A60;2868;2867,77;TODOINSUMOS;S;S;SIMPLE;;19/9/2025;PESOS
840023268151;EDGE 50 NEO 5G 512GB / 12GB RAM – (LATTE) S/CARG;;CELULARES;SMARTPHONES;21;840023268151;351000;351000;URQUIZA, DIEGO COZZO;S;S;SIMPLE;;17/10/2025;PESOS
840023276064;MOTOROLA G85 256GB / 8GB RAM – (GREEN) S/CARG;;CELULARES;SMARTPHONES;21;840023276064;251207;251206,61;URQUIZA, DIEGO COZZO;S;S;SIMPLE;;6/10/2025;PESOS
840023275074;MOTOROLA G35 5G 256GB / 8GB RAM – (BLACK);;CELULARES;SMARTPHONES;21;840023275074;184700;184700;URQUIZA, DIEGO COZZO;S;S;SIMPLE;;17/10/2025;PESOS
840023288661;MOTOROLA G15 128GB / 4GB RAM – (GREY) C/CARG;;CELULARES;SMARTPHONES;21;840023288661;141600;141600;URQUIZA, DIEGO COZZO;S;S;SIMPLE;;17/10/2025;PESOS
8806097667407;SAMSUNG GALAXY A17 5G 256GB / 8GB RAM – (BLUE) S/CARG;;CELULARES;SMARTPHONES;21;8806097667407;305388;305388,43;URQUIZA, DIEGO COZZO;S;S;SIMPLE;;6/10/2025;PESOS
8806097055396;SAMSUNG GALAXY A56 5G 256GB / 12GB RAM – (GRAFITO) S/CARG;;CELULARES;SMARTPHONES;21;8806097055396;464240;464239,67;URQUIZA, DIEGO COZZO;S;S;SIMPLE;;6/10/2025;PESOS
8806097056485;SAMSUNG GALAXY A56 5G 256GB / 12GB RAM – (OLIVE) S/CARG;;CELULARES;SMARTPHONES;21;8806097056485;464240;464239,67;URQUIZA, DIEGO COZZO;S;S;SIMPLE;;6/10/2025;PESOS
8806097055921;SAMSUNG GALAXY A56 5G 256GB / 12GB RAM – (GRAY) S/CARG;;CELULARES;SMARTPHONES;21;8806097055921;464240;464239,67;URQUIZA, DIEGO COZZO;S;S;SIMPLE;;6/10/2025;PESOS
8806097057819;SAMSUNG GALAXY A36 5G 256GB / 8GB RAM – (BLACK) S/CARG;;CELULARES;SMARTPHONES;21;8806097057819;363264;363264,46;URQUIZA, DIEGO COZZO;S;S;SIMPLE;;6/10/2025;PESOS
8806097058021;SAMSUNG GALAXY A36 5G 256GB / 8GB RAM – (WHITE) S/CARG;;CELULARES;SMARTPHONES;21;8806097058021;363264;363264,46;URQUIZA, DIEGO COZZO;S;S;SIMPLE;;6/10/2025;PESOS
8806097059622;SAMSUNG GALAXY A36 5G 256GB / 8GB RAM – (LIMA) S/CARG;;CELULARES;SMARTPHONES;21;8806097059622;363264;363264,46;URQUIZA, DIEGO COZZO;S;S;SIMPLE;;6/10/2025;PESOS
8806095828886;SAMSUNG GALAXY A16 128GB/4RAM – ( BLACK) S/CARG;;CELULARES;SMARTPHONES;21;8806095828886;165008;165008,26;URQUIZA, DIEGO COZZO;S;S;SIMPLE;;6/10/2025;PESOS
6974202726843;PEN DRIVE HIKSEMI 32GB M200 CLASSIC USB 3.0;;ALMACENAMIENTO;PENDRIVES;21;6974202726843;5232;5231,82;INVID COMPUTERS;S;S;SIMPLE;;7/10/2025;PESOS
740617263442;DISCO SSD KINGSTON A400 480 GB SATA;;ALMACENAMIENTO;DISCOS SOLIDOS;10,5;740617263442;50284;50284;INVID COMPUTERS;S;S;SIMPLE;;7/10/2025;PESOS
740617310023;PENDRIVE 256GB KINGSTON DATATRAVELER EXODIA DTX USB 3.2;;ALMACENAMIENTO;PENDRIVES;21;740617310023;20493;20493;TECNOPRICES;S;S;SIMPLE;;7/10/2025;PESOS
